sample_id,128f_input224
001-1,F
001-2,B
001-3,C
001-4,A
002-1,C
002-2,B
002-3,A
002-4,C
003-1,B
003-2,B
003-3,D
003-4,B
004-1,B
004-2,E
004-3,B
004-4,A
005-1,A
005-2,E
005-3,D
005-4,B
006-1,D
006-2,B
006-3,B
006-4,A
007-1,E
007-2,B
007-3,D
007-4,D
008-1,D
008-2,G
008-3,B
008-4,B
009-1,D
009-2,D
009-3,D
009-4,B
010-1,E
010-2,A
010-3,E
010-4,E
011-1,C
011-2,B
011-3,G
011-4,D
012-1,E
012-2,B
012-3,B
012-4,B
013-1,B
013-2,B
013-3,B
013-4,E
014-1,A
014-2,D
014-3,B
014-4,F
015-1,B
015-2,E
015-3,C
015-4,C
016-1,C
016-2,A
016-3,B
016-4,A
017-1,B
017-2,D
017-3,E
017-4,B
018-1,H
018-2,A
018-3,B
018-4,A
020-1,B
020-2,C
020-3,B
020-4,C
021-1,A
021-2,C
021-3,C
021-4,D
022-1,A
022-2,B
022-3,B
022-4,D
023-1,A
023-2,C
023-3,A
023-4,E
024-1,D
024-2,B
024-3,B
024-4,C
025-1,B
025-2,A
025-3,B
025-4,C
026-1,B
026-2,B
026-3,B
026-4,A
027-1,E
027-2,E
027-3,C
027-4,E
028-1,B
028-2,H
028-3,A
028-4,E
029-1,D
029-2,C
029-3,B
029-4,B
031-1,C
031-2,A
031-3,B
031-4,A
032-1,E
032-2,A
032-3,A
032-4,C
033-1,B
033-2,C
033-3,B
033-4,D
034-1,D
034-2,D
034-3,C
034-4,B
035-1,C
035-2,A
035-3,A
035-4,B
036-1,B
036-2,B
036-3,A
036-4,H
038-1,A
038-2,C
038-3,C
038-4,A
039-1,E
039-2,D
039-3,D
039-4,D
040-1,D
040-2,D
040-3,B
040-4,D
041-1,A
041-2,G
041-3,C
041-4,D
043-1,E
043-2,B
043-3,E
043-4,C
044-1,C
044-2,A
044-3,E
044-4,C
045-1,D
045-2,D
045-3,H
045-4,A
046-1,C
046-2,C
046-3,E
046-4,B
047-1,D
047-2,C
047-3,C
047-4,E
048-1,A
048-2,C
048-3,E
048-4,D
049-1,B
049-2,E
049-3,E
049-4,A
050-1,B
050-2,A
050-3,E
050-4,C
051-1,D
051-2,A
051-3,C
051-4,C
052-1,B
052-2,B
052-3,A
052-4,E
053-1,B
053-2,A
053-3,A
053-4,C
056-1,B
056-2,B
056-3,C
056-4,B
058-1,E
058-2,A
058-3,C
058-4,F
059-1,C
059-2,E
059-3,D
059-4,C
062-1,E
062-2,A
062-3,C
062-4,E
063-1,C
063-2,E
063-3,D
063-4,E
065-1,E
065-2,F
065-3,E
065-4,H
066-1,A
066-2,C
066-3,D
066-4,D
067-1,C
067-2,B
067-3,B
067-4,B
068-1,B
068-2,H
068-3,C
068-4,B
070-1,G
070-2,B
070-3,G
070-4,A
072-1,H
072-2,B
072-3,A
072-4,A
073-1,A
073-2,F
073-3,B
073-4,C
074-1,A
074-2,E
074-3,E
074-4,A
075-1,C
075-2,A
075-3,B
075-4,A
076-1,C
076-2,E
076-3,B
076-4,E
078-1,D
078-2,A
078-3,A
078-4,B
079-1,D
079-2,A
079-3,F
079-4,D
080-1,A
080-2,A
080-3,G
080-4,A
081-1,A
081-2,B
081-3,E
081-4,C
082-1,H
082-2,A
082-3,D
082-4,B
083-1,D
083-2,C
083-3,A
083-4,F
084-1,B
084-2,B
084-3,B
084-4,B
085-1,B
085-2,E
085-3,E
085-4,B
086-1,E
086-2,D
086-3,C
086-4,B
087-1,A
087-2,D
087-3,E
087-4,F
088-1,C
088-2,A
088-3,D
088-4,B
089-1,G
089-2,C
089-3,G
089-4,E
090-1,E
090-2,B
090-3,D
090-4,B
091-1,F
091-2,E
091-3,B
091-4,G
093-1,C
093-2,B
093-3,B
093-4,B
094-1,A
094-2,F
094-3,A
094-4,C
095-1,D
095-2,E
095-3,A
095-4,D
096-1,F
096-2,A
096-3,A
096-4,E
097-1,B
097-2,E
097-3,F
097-4,B
098-1,D
098-2,B
098-3,B
098-4,C
099-1,D
099-2,A
099-3,E
099-4,B
100-1,B
100-2,F
100-3,B
100-4,A
101-1,E
101-2,G
101-3,E
101-4,D
102-1,A
102-2,D
102-3,B
102-4,D
103-1,G
103-2,G
103-3,C
103-4,C
104-1,C
104-2,H
104-3,D
104-4,A
105-1,H
105-2,A
105-3,D
105-4,B
106-1,F
106-2,D
106-3,B
106-4,D
107-1,B
107-2,B
107-3,C
107-4,D
108-1,D
108-2,C
108-3,A
108-4,B
109-1,G
109-2,B
109-3,D
109-4,A
110-1,B
110-2,B
110-3,B
110-4,A
112-1,B
112-2,D
112-3,B
112-4,B
113-1,C
113-2,D
113-3,B
113-4,E
114-1,B
114-2,A
114-3,E
114-4,F
116-1,A
116-2,A
116-3,B
116-4,D
117-1,A
117-2,E
117-3,D
117-4,A
119-1,B
119-2,C
119-3,C
119-4,C
120-1,F
120-2,G
120-3,B
120-4,B
121-1,C
121-2,H
121-3,B
121-4,B
122-1,E
122-2,A
122-3,E
122-4,D
123-1,A
123-2,C
123-3,A
123-4,C
124-1,D
124-2,A
124-3,D
124-4,H
125-1,B
125-2,B
125-3,A
125-4,E
126-1,B
126-2,B
126-3,B
126-4,B
127-1,D
127-2,D
127-3,C
127-4,A
128-1,B
128-2,C
128-3,E
128-4,A
130-1,E
130-2,C
130-3,D
130-4,E
131-1,A
131-2,E
131-3,B
131-4,E
132-1,G
132-2,D
132-3,C
132-4,E
133-1,A
133-2,C
133-3,B
133-4,B
134-1,C
134-2,C
134-3,C
134-4,E
135-1,A
135-2,C
135-3,E
135-4,E
138-1,D
138-2,B
138-3,D
138-4,E
139-1,C
139-2,B
139-3,C
139-4,F
140-1,B
140-2,B
140-3,E
140-4,E
141-1,C
141-2,C
141-3,B
141-4,G
142-1,B
142-2,A
142-3,C
142-4,B
143-1,B
143-2,C
143-3,E
143-4,C
145-1,A
145-2,E
145-3,A
145-4,D
146-1,E
146-2,B
146-3,A
146-4,A
147-1,B
147-2,A
147-3,C
147-4,B
148-1,B
148-2,A
148-3,D
148-4,B
149-1,C
149-2,E
149-3,D
149-4,D
155-1,E
155-2,D
155-3,A
155-4,F
156-1,E
156-2,D
156-3,D
156-4,A
157-1,C
157-2,D
157-3,A
157-4,B
158-1,B
158-2,D
158-3,B
158-4,E
159-1,C
159-2,D
159-3,B
159-4,B
160-1,E
160-2,F
160-3,D
160-4,D
161-1,D
161-2,H
161-3,B
161-4,B
162-1,D
162-2,E
162-3,D
162-4,D
163-1,B
163-2,B
163-3,E
163-4,E
164-1,E
164-2,C
164-3,B
164-4,A
165-1,H
165-2,B
165-3,C
165-4,E
166-1,E
166-2,B
166-3,F
166-4,B
167-1,E
167-2,B
167-3,F
167-4,B
168-1,A
168-2,A
168-3,C
168-4,C
169-1,E
169-2,C
169-3,E
169-4,E
170-1,C
170-2,B
170-3,C
170-4,A
171-1,D
171-2,C
171-3,B
171-4,D
172-1,G
172-2,E
172-3,C
172-4,B
174-1,H
174-2,B
174-3,A
174-4,D
175-1,B
175-2,G
175-3,B
175-4,C
176-1,C
176-2,C
176-3,A
176-4,C
177-1,C
177-2,A
177-3,E
177-4,D
178-1,C
178-2,B
178-3,D
178-4,B
179-1,F
179-2,D
179-3,C
179-4,E
180-1,C
180-2,D
180-3,C
180-4,D
181-1,H
181-2,C
181-3,E
181-4,D
182-1,C
182-2,B
182-3,B
182-4,C
183-1,A
183-2,H
183-3,G
183-4,B
184-1,A
184-2,D
184-3,F
184-4,E
185-1,C
185-2,B
185-3,A
185-4,E
186-1,A
186-2,D
186-3,F
186-4,E
187-1,C
187-2,B
187-3,D
187-4,A
188-1,D
188-2,E
188-3,C
188-4,B
189-1,B
189-2,B
189-3,B
189-4,A
190-1,D
190-2,F
190-3,E
190-4,E
191-1,D
191-2,B
191-3,A
191-4,B
192-1,F
192-2,A
192-3,B
192-4,E
193-1,B
193-2,B
193-3,C
193-4,B
194-1,D
194-2,B
194-3,F
194-4,E
195-1,G
195-2,B
195-3,B
195-4,G
196-1,C
196-2,E
196-3,B
196-4,E
197-1,C
197-2,B
197-3,B
197-4,E
198-1,F
198-2,A
198-3,C
198-4,A
199-1,A
199-2,B
199-3,B
199-4,B
200-1,D
200-2,B
200-3,E
200-4,B
201-1,A
201-2,E
201-3,D
201-4,B
202-1,B
202-2,B
202-3,B
202-4,C
205-1,A
205-2,E
205-3,E
205-4,B
207-1,A
207-2,D
207-3,E
207-4,A
208-1,A
208-2,D
208-3,H
208-4,B
209-1,C
209-2,D
209-3,C
209-4,D
210-1,E
210-2,B
210-3,A
210-4,B
211-1,A
211-2,A
211-3,A
211-4,C
214-1,B
214-2,E
214-3,A
214-4,B
216-1,E
216-2,C
216-3,B
216-4,H
217-1,C
217-2,B
217-3,E
217-4,D
218-1,F
218-2,G
218-3,G
218-4,D
219-1,B
219-2,D
219-3,A
219-4,A
223-1,A
223-2,B
223-3,A
223-4,A
224-1,G
224-2,E
224-3,F
224-4,E
225-1,E
225-2,B
225-3,B
225-4,B
227-1,B
227-2,B
227-3,A
227-4,B
228-1,C
228-2,D
228-3,B
228-4,B
229-1,A
229-2,C
229-3,A
229-4,A
230-1,C
230-2,D
230-3,C
230-4,B
231-1,C
231-2,C
231-3,B
231-4,A
232-1,A
232-2,B
232-3,A
232-4,B
233-1,C
233-2,B
233-3,C
233-4,B
234-1,B
234-2,B
234-3,H
234-4,B
235-1,E
235-2,A
235-3,C
235-4,A
236-1,B
236-2,G
236-3,H
236-4,D
237-1,B
237-2,C
237-3,D
237-4,C
238-1,B
238-2,B
238-3,C
238-4,F
239-1,B
239-2,E
239-3,B
239-4,C
240-1,E
240-2,A
240-3,A
240-4,A
242-1,A
242-2,F
242-3,C
242-4,E
243-1,B
243-2,A
243-3,A
243-4,C
247-1,H
247-2,A
247-3,A
247-4,A
248-1,A
248-2,E
248-3,B
248-4,C
249-1,D
249-2,C
249-3,B
249-4,A
250-1,B
250-2,E
250-3,B
250-4,D
254-1,B
254-2,D
254-3,B
254-4,C
255-1,A
255-2,A
255-3,A
255-4,A
256-1,F
256-2,D
256-3,A
256-4,A
257-1,A
257-2,B
257-3,A
257-4,A
258-1,C
258-2,D
258-3,B
258-4,E
262-1,F
262-2,D
262-3,D
262-4,A
263-1,H
263-2,B
263-3,E
263-4,A
264-1,B
264-2,D
264-3,C
264-4,D
266-1,H
266-2,B
266-3,D
266-4,A
267-1,B
267-2,B
267-3,E
267-4,A
268-1,D
268-2,B
268-3,C
268-4,C
269-1,C
269-2,A
269-3,C
269-4,C
270-1,B
270-2,D
270-3,B
270-4,A
271-1,E
271-2,D
271-3,E
271-4,D
274-1,C
274-2,E
274-3,C
274-4,C
276-1,B
276-2,F
276-3,H
276-4,A
277-1,A
277-2,B
277-3,B
277-4,A
279-1,B
279-2,C
279-3,E
279-4,F
281-1,H
281-2,E
281-3,B
281-4,A
282-1,G
282-2,B
282-3,A
282-4,G
283-1,F
283-2,B
283-3,D
283-4,H
287-1,E
287-2,E
287-3,B
287-4,G
289-1,E
289-2,E
289-3,H
289-4,C
290-1,C
290-2,H
290-3,A
290-4,A
291-1,B
291-2,E
291-3,E
291-4,B
292-1,B
292-2,E
292-3,C
292-4,H
294-1,D
294-2,D
294-3,A
294-4,B
298-1,F
298-2,H
298-3,A
298-4,D
302-1,B
302-2,F
302-3,A
302-4,E
303-1,B
303-2,B
303-3,D
303-4,B
306-1,A
306-2,D
306-3,A
306-4,F
307-1,B
307-2,C
307-3,A
307-4,A
309-1,F
309-2,C
309-3,A
309-4,A
313-1,B
313-2,C
313-3,F
313-4,C
314-1,A
314-2,H
314-3,A
314-4,B
315-1,B
315-2,B
315-3,D
315-4,A
317-1,B
317-2,D
317-3,D
317-4,G
318-1,E
318-2,B
318-3,B
318-4,B
321-1,B
321-2,D
321-3,B
321-4,C
322-1,B
322-2,A
322-3,C
322-4,B
327-1,C
327-2,A
327-3,D
327-4,A
328-1,A
328-2,A
328-3,B
328-4,E
329-1,C
329-2,C
329-3,C
329-4,C
330-1,E
330-2,C
330-3,C
330-4,B
331-1,E
331-2,C
331-3,A
331-4,A
332-1,G
332-2,B
332-3,A
332-4,D
333-1,E
333-2,C
333-3,C
333-4,B
334-1,B
334-2,B
334-3,B
334-4,E
335-1,B
335-2,A
335-3,B
335-4,C
336-1,E
336-2,H
336-3,B
336-4,D
337-1,B
337-2,C
337-3,B
337-4,A
339-1,B
339-2,D
339-3,E
339-4,D
340-1,A
340-2,A
340-3,D
340-4,C
341-1,C
341-2,H
341-3,E
341-4,D
342-1,D
342-2,A
342-3,A
342-4,B
343-1,B
343-2,D
343-3,B
343-4,C
344-1,D
344-2,G
344-3,B
344-4,D
345-1,A
345-2,B
345-3,B
345-4,C
346-1,H
346-2,C
346-3,B
346-4,C
347-1,D
347-2,B
347-3,B
347-4,C
348-1,B
348-2,C
348-3,E
348-4,E
349-1,A
349-2,C
349-3,A
349-4,B
350-1,A
350-2,D
350-3,F
350-4,E
352-1,E
352-2,B
352-3,E
352-4,F
353-1,B
353-2,C
353-3,B
353-4,B
354-1,C
354-2,D
354-3,A
354-4,B
355-1,B
355-2,B
355-3,B
355-4,A
356-1,A
356-2,C
356-3,D
356-4,C
357-1,D
357-2,A
357-3,E
357-4,E
358-1,E
358-2,B
358-3,D
358-4,A
359-1,C
359-2,B
359-3,C
359-4,E
360-1,E
360-2,A
360-3,E
360-4,D
362-1,C
362-2,B
362-3,C
362-4,C
363-1,D
363-2,E
363-3,C
363-4,D
364-1,E
364-2,A
364-3,D
364-4,E
365-1,A
365-2,A
365-3,C
365-4,E
366-1,H
366-2,F
366-3,B
366-4,G
367-1,A
367-2,D
367-3,C
367-4,A
368-1,B
368-2,H
368-3,B
368-4,D
369-1,B
369-2,E
369-3,G
369-4,D
370-1,B
370-2,B
370-3,E
370-4,B
371-1,B
371-2,C
371-3,B
371-4,C
373-1,B
373-2,D
373-3,B
373-4,B
374-1,C
374-2,F
374-3,E
374-4,D
376-1,A
376-2,B
376-3,B
376-4,B
378-1,D
378-2,D
378-3,C
378-4,A
379-1,G
379-2,H
379-3,F
379-4,C
380-1,G
380-2,G
380-3,E
380-4,B
382-1,D
382-2,A
382-3,D
382-4,H
383-1,F
383-2,E
383-3,C
383-4,C
384-1,H
384-2,E
384-3,E
384-4,E
385-1,D
385-2,C
385-3,C
385-4,D
386-1,D
386-2,B
386-3,C
386-4,B
387-1,D
387-2,D
387-3,H
387-4,A
388-1,D
388-2,A
388-3,H
388-4,G
389-1,A
389-2,F
389-3,E
389-4,B
390-1,B
390-2,B
390-3,C
390-4,A
391-1,D
391-2,A
391-3,B
391-4,B
392-1,H
392-2,C
392-3,A
392-4,A
394-1,B
394-2,C
394-3,E
394-4,G
395-1,B
395-2,E
395-3,B
395-4,D
396-1,G
396-2,B
396-3,B
396-4,E
400-1,B
400-2,E
400-3,B
400-4,D
401-1,C
401-2,B
401-3,C
401-4,D
402-1,B
402-2,C
402-3,E
402-4,E
403-1,F
403-2,D
403-3,D
403-4,D
406-1,A
406-2,A
406-3,E
406-4,A
407-1,E
407-2,A
407-3,B
407-4,F
408-1,B
408-2,B
408-3,C
408-4,E
409-1,B
409-2,C
409-3,C
409-4,C
410-1,D
410-2,C
410-3,F
410-4,D
411-1,B
411-2,C
411-3,C
411-4,C
412-1,A
412-2,E
412-3,A
412-4,B
413-1,D
413-2,D
413-3,C
413-4,B
414-1,B
414-2,G
414-3,D
414-4,B
415-1,D
415-2,B
415-3,B
415-4,C
416-1,B
416-2,B
416-3,G
416-4,A
417-1,D
417-2,F
417-3,C
417-4,E
418-1,A
418-2,E
418-3,C
418-4,A
419-1,C
419-2,B
419-3,B
419-4,E
420-1,B
420-2,E
420-3,B
420-4,C
421-1,C
421-2,B
421-3,E
421-4,A
422-1,B
422-2,A
422-3,D
422-4,D
425-1,A
425-2,A
425-3,F
425-4,C
427-1,E
427-2,E
427-3,B
427-4,A
428-1,B
428-2,D
428-3,C
428-4,E
429-1,B
429-2,C
429-3,B
429-4,B
430-1,D
430-2,C
430-3,E
430-4,E
431-1,A
431-2,G
431-3,D
431-4,D
432-1,B
432-2,B
432-3,B
432-4,C
433-1,G
433-2,B
433-3,C
433-4,B
435-1,B
435-2,D
435-3,F
435-4,C
436-1,A
436-2,D
436-3,B
436-4,E
437-1,E
437-2,D
437-3,E
437-4,C
438-1,A
438-2,E
438-3,C
438-4,C
439-1,D
439-2,A
439-3,B
439-4,E
440-1,D
440-2,H
440-3,B
440-4,C
442-1,D
442-2,G
442-3,D
442-4,A
443-1,B
443-2,C
443-3,A
443-4,B
444-1,A
444-2,E
444-3,C
444-4,B
445-1,A
445-2,B
445-3,F
445-4,E
446-1,B
446-2,B
446-3,D
446-4,E
447-1,D
447-2,C
447-3,D
447-4,B
448-1,F
448-2,A
448-3,C
448-4,E
449-1,C
449-2,A
449-3,B
449-4,A
450-1,E
450-2,E
450-3,B
450-4,C
451-1,B
451-2,E
451-3,E
451-4,D
452-1,A
452-2,B
452-3,A
452-4,A
453-1,E
453-2,D
453-3,F
453-4,D
454-1,A
454-2,D
454-3,B
454-4,D
455-1,D
455-2,F
455-3,B
455-4,B
456-1,C
456-2,C
456-3,B
456-4,H
457-1,G
457-2,C
457-3,A
457-4,D
458-1,A
458-2,D
458-3,B
458-4,A
459-1,H
459-2,B
459-3,C
459-4,D
460-1,A
460-2,E
460-3,A
460-4,D
461-1,C
461-2,E
461-3,G
461-4,B
462-1,A
462-2,H
462-3,B
462-4,B
465-1,A
465-2,A
465-3,D
465-4,G
466-1,H
466-2,B
466-3,F
466-4,C
469-1,E
469-2,F
469-3,F
469-4,F
471-1,B
471-2,A
471-3,B
471-4,D
472-1,E
472-2,H
472-3,H
472-4,A
473-1,B
473-2,B
473-3,E
473-4,B
474-1,A
474-2,B
474-3,E
474-4,H
475-1,H
475-2,C
475-3,D
475-4,D
477-1,G
477-2,E
477-3,C
477-4,B
479-1,H
479-2,H
479-3,B
479-4,B
481-1,C
481-2,D
481-3,C
481-4,A
482-1,A
482-2,A
482-3,E
482-4,E
483-1,A
483-2,D
483-3,C
483-4,B
485-1,C
485-2,B
485-3,B
485-4,D
486-1,E
486-2,E
486-3,D
486-4,H
489-1,B
489-2,D
489-3,A
489-4,C
490-1,A
490-2,A
490-3,B
490-4,C
491-1,H
491-2,A
491-3,D
491-4,C
492-1,A
492-2,B
492-3,H
492-4,H
493-1,D
493-2,C
493-3,H
493-4,E
496-1,E
496-2,B
496-3,B
496-4,E
497-1,C
497-2,B
497-3,C
497-4,D
499-1,D
499-2,E
499-3,B
499-4,F
500-1,C
500-2,D
500-3,D
500-4,A
501-1,A
501-2,A
501-3,F
501-4,E
502-1,A
502-2,B
502-3,A
502-4,C
503-1,A
503-2,F
503-3,A
503-4,B
505-1,B
505-2,C
505-3,E
505-4,E
506-1,C
506-2,G
506-3,D
506-4,D
507-1,E
507-2,A
507-3,C
507-4,A
508-1,B
508-2,C
508-3,A
508-4,E
509-1,C
509-2,D
509-3,A
509-4,B
510-1,E
510-2,B
510-3,C
510-4,B
512-1,A
512-2,D
512-3,A
512-4,B
514-1,G
514-2,F
514-3,B
514-4,E
515-1,B
515-2,D
515-3,D
515-4,E
516-1,A
516-2,D
516-3,C
516-4,A
518-1,E
518-2,D
518-3,B
518-4,F
523-1,D
523-2,C
523-3,E
523-4,H
524-1,H
524-2,C
524-3,F
524-4,B
526-1,H
526-2,H
526-3,B
526-4,E
527-1,E
527-2,C
527-3,C
527-4,C
528-1,A
528-2,D
528-3,B
528-4,C
529-1,F
529-2,A
529-3,A
529-4,E
530-1,B
530-2,G
530-3,B
530-4,B
532-1,A
532-2,F
532-3,F
532-4,E
533-1,A
533-2,D
533-3,D
533-4,G
534-1,H
534-2,B
534-3,B
534-4,B
535-1,H
535-2,A
535-3,B
535-4,H
536-1,A
536-2,C
536-3,B
536-4,E
537-1,D
537-2,E
537-3,E
537-4,G
538-1,D
538-2,D
538-3,C
538-4,A
539-1,A
539-2,B
539-3,H
539-4,H
540-1,A
540-2,D
540-3,A
540-4,B
541-1,G
541-2,D
541-3,E
541-4,B
542-1,F
542-2,C
542-3,G
542-4,B
543-1,E
543-2,F
543-3,G
543-4,D
544-1,E
544-2,F
544-3,B
544-4,C
545-1,A
545-2,B
545-3,F
545-4,C
546-1,B
546-2,D
546-3,B
546-4,H
547-1,D
547-2,B
547-3,F
547-4,A
548-1,A
548-2,B
548-3,E
548-4,D
549-1,D
549-2,A
549-3,C
549-4,A
550-1,D
550-2,G
550-3,F
550-4,F
551-1,G
551-2,H
551-3,B
551-4,H
552-1,A
552-2,C
552-3,D
552-4,A
553-1,C
553-2,E
553-3,C
553-4,B
554-1,C
554-2,A
554-3,H
554-4,H
555-1,E
555-2,A
555-3,B
555-4,C
557-1,E
557-2,D
557-3,A
557-4,F
559-1,B
559-2,C
559-3,E
559-4,H
560-1,B
560-2,G
560-3,E
560-4,D
561-1,D
561-2,A
561-3,B
561-4,E
562-1,A
562-2,D
562-3,B
562-4,A
563-1,D
563-2,A
563-3,F
563-4,H
564-1,A
564-2,E
564-3,C
564-4,B
565-1,F
565-2,C
565-3,D
565-4,F
566-1,B
566-2,A
566-3,A
566-4,B
567-1,E
567-2,F
567-3,B
567-4,C
568-1,C
568-2,C
568-3,C
568-4,G
569-1,D
569-2,E
569-3,C
569-4,E
570-1,B
570-2,C
570-3,B
570-4,D
571-1,E
571-2,B
571-3,A
571-4,F
572-1,C
572-2,G
572-3,E
572-4,C
574-1,A
574-2,C
574-3,D
574-4,H
575-1,C
575-2,A
575-3,C
575-4,B
576-1,A
576-2,B
576-3,D
576-4,G
577-1,C
577-2,B
577-3,B
577-4,E
578-1,C
578-2,D
578-3,B
578-4,G
579-1,A
579-2,B
579-3,D
579-4,B
580-1,E
580-2,G
580-3,B
580-4,A
581-1,H
581-2,E
581-3,B
581-4,F
582-1,G
582-2,B
582-3,D
582-4,F
583-1,E
583-2,C
583-3,C
583-4,A
584-1,G
584-2,B
584-3,A
584-4,A
585-1,G
585-2,C
585-3,C
585-4,C
586-1,C
586-2,E
586-3,B
586-4,H
587-1,D
587-2,B
587-3,B
587-4,A
588-1,C
588-2,B
588-3,D
588-4,B
589-1,E
589-2,E
589-3,A
589-4,D
590-1,B
590-2,H
590-3,D
590-4,D
592-1,B
592-2,D
592-3,B
592-4,B
594-1,E
594-2,G
594-3,F
594-4,A
595-1,B
595-2,B
595-3,E
595-4,G
596-1,C
596-2,D
596-3,F
596-4,C
597-1,E
597-2,C
597-3,G
597-4,E
598-1,A
598-2,C
598-3,B
598-4,B
599-1,E
599-2,A
599-3,C
599-4,A
600-1,A
600-2,C
600-3,B
600-4,B
601-1,B
601-2,E
601-3,A
601-4,F
603-1,D
603-2,E
603-3,D
603-4,B
604-1,D
604-2,G
604-3,C
604-4,C
605-1,B
605-2,B
605-3,E
605-4,B
606-1,A
606-2,D
606-3,G
606-4,H
607-1,H
607-2,A
607-3,A
607-4,H
608-1,E
608-2,E
608-3,A
608-4,D
609-1,E
609-2,F
609-3,D
609-4,E
610-1,D
610-2,C
610-3,G
610-4,B
611-1,A
611-2,C
611-3,D
611-4,D
612-1,A
612-2,A
612-3,B
612-4,B
613-1,C
613-2,B
613-3,F
613-4,B
614-1,B
614-2,D
614-3,C
614-4,A
615-1,A
615-2,B
615-3,E
615-4,B
616-1,D
616-2,C
616-3,B
616-4,A
617-1,A
617-2,F
617-3,D
617-4,G
618-1,A
618-2,A
618-3,D
618-4,D
619-1,B
619-2,A
619-3,C
619-4,B
620-1,B
620-2,A
620-3,B
620-4,A
621-1,C
621-2,C
621-3,E
621-4,G
622-1,A
622-2,C
622-3,D
622-4,E
623-1,B
623-2,B
623-3,A
623-4,E
624-1,B
624-2,B
624-3,B
624-4,E
625-1,A
625-2,A
625-3,A
625-4,B
626-1,H
626-2,D
626-3,D
626-4,A
627-1,E
627-2,H
627-3,D
627-4,F
628-1,E
628-2,B
628-3,C
628-4,F
629-1,F
629-2,D
629-3,A
629-4,B
630-1,H
630-2,C
630-3,D
630-4,G
631-1,C
631-2,C
631-3,B
631-4,E
632-1,C
632-2,C
632-3,G
632-4,B
633-1,B
633-2,B
633-3,C
633-4,E
634-1,D
634-2,B
634-3,A
634-4,A
635-1,D
635-2,C
635-3,G
635-4,B
637-1,B
637-2,D
637-3,H
637-4,C
639-1,C
639-2,B
639-3,D
639-4,B
640-1,A
640-2,C
640-3,C
640-4,B
641-1,G
641-2,B
641-3,E
641-4,D
642-1,F
642-2,C
642-3,H
642-4,C
643-1,C
643-2,C
643-3,B
643-4,B
644-1,D
644-2,C
644-3,B
644-4,A
646-1,C
646-2,C
646-3,D
646-4,A
647-1,H
647-2,B
647-3,E
647-4,A
648-1,A
648-2,C
648-3,D
648-4,G
649-1,D
649-2,A
649-3,B
649-4,C
650-1,E
650-2,G
650-3,B
650-4,G
651-1,A
651-2,B
651-3,A
651-4,B
652-1,C
652-2,A
652-3,B
652-4,F
653-1,F
653-2,H
653-3,E
653-4,H
654-1,B
654-2,G
654-3,B
654-4,D
655-1,A
655-2,D
655-3,E
655-4,D
658-1,A
658-2,A
658-3,D
658-4,D
659-1,E
659-2,C
659-3,H
659-4,C
662-1,B
662-2,D
662-3,E
662-4,G
663-1,A
663-2,C
663-3,E
663-4,D
664-1,E
664-2,B
664-3,H
664-4,A
665-1,B
665-2,B
665-3,B
665-4,C
666-1,A
666-2,D
666-3,D
666-4,B
667-1,E
667-2,E
667-3,F
667-4,H
668-1,F
668-2,B
668-3,E
668-4,B
669-1,A
669-2,B
669-3,B
669-4,A
670-1,G
670-2,A
670-3,E
670-4,A
671-1,G
671-2,B
671-3,B
671-4,A
672-1,C
672-2,B
672-3,D
672-4,F
673-1,H
673-2,E
673-3,B
673-4,A
674-1,E
674-2,A
674-3,B
674-4,A
677-1,C
677-2,F
677-3,H
677-4,E
678-1,F
678-2,G
678-3,G
678-4,B
679-1,A
679-2,D
679-3,B
679-4,C
680-1,A
680-2,B
680-3,A
680-4,B
681-1,D
681-2,B
681-3,D
681-4,C
682-1,E
682-2,E
682-3,E
682-4,A
683-1,A
683-2,B
683-3,E
683-4,E
684-1,D
684-2,E
684-3,C
684-4,G
685-1,A
685-2,A
685-3,G
685-4,C
686-1,E
686-2,G
686-3,E
686-4,B
687-1,B
687-2,C
687-3,D
687-4,D
688-1,B
688-2,B
688-3,B
688-4,B
689-1,B
689-2,A
689-3,A
689-4,B
692-1,A
692-2,A
692-3,E
692-4,E
693-1,A
693-2,E
693-3,C
693-4,B
694-1,G
694-2,E
694-3,D
694-4,E
695-1,C
695-2,E
695-3,G
695-4,D
696-1,A
696-2,F
696-3,A
696-4,D
697-1,A
697-2,A
697-3,D
697-4,D
698-1,B
698-2,C
698-3,D
698-4,C
699-1,D
699-2,A
699-3,C
699-4,D
700-1,B
700-2,D
700-3,A
700-4,C
701-1,E
701-2,C
701-3,B
701-4,B
703-1,C
703-2,C
703-3,B
703-4,D
704-1,A
704-2,B
704-3,B
704-4,B
705-1,E
705-2,D
705-3,F
705-4,E
706-1,D
706-2,B
706-3,D
706-4,A
707-1,C
707-2,B
707-3,C
707-4,F
708-1,C
708-2,D
708-3,A
708-4,D
709-1,A
709-2,B
709-3,D
709-4,D
711-1,E
711-2,B
711-3,C
711-4,E
712-1,E
712-2,D
712-3,B
712-4,B
713-1,B
713-2,G
713-3,C
713-4,D
715-1,A
715-2,B
715-3,E
715-4,A
716-1,G
716-2,B
716-3,E
716-4,C
717-1,B
717-2,A
717-3,G
717-4,B
718-1,C
718-2,A
718-3,H
718-4,D
719-1,B
719-2,C
719-3,H
719-4,E
720-1,G
720-2,A
720-3,D
720-4,A
721-1,B
721-2,D
721-3,E
721-4,C
723-1,A
723-2,B
723-3,C
723-4,A
724-1,F
724-2,D
724-3,C
724-4,A
725-1,E
725-2,B
725-3,E
725-4,G
726-1,A
726-2,H
726-3,C
726-4,A
727-1,C
727-2,A
727-3,B
727-4,D
729-1,B
729-2,A
729-3,H
729-4,F
730-1,B
730-2,A
730-3,B
730-4,C
731-1,A
731-2,E
731-3,D
731-4,F
732-1,A
732-2,E
732-3,B
732-4,A
733-1,D
733-2,B
733-3,B
733-4,A
735-1,A
735-2,A
735-3,C
735-4,C
736-1,C
736-2,A
736-3,A
736-4,A
737-1,D
737-2,H
737-3,F
737-4,B
738-1,E
738-2,B
738-3,A
738-4,D
740-1,E
740-2,G
740-3,C
740-4,E
742-1,C
742-2,D
742-3,B
742-4,E
745-1,C
745-2,H
745-3,A
745-4,D
746-1,A
746-2,B
746-3,B
746-4,B
747-1,B
747-2,B
747-3,D
747-4,C
748-1,H
748-2,B
748-3,B
748-4,B
751-1,C
751-2,B
751-3,B
751-4,B
753-1,B
753-2,E
753-3,A
753-4,B
754-1,H
754-2,A
754-3,E
754-4,D
755-1,A
755-2,A
755-3,A
755-4,A
756-1,B
756-2,A
756-3,E
756-4,D
757-1,B
757-2,D
757-3,B
757-4,F
758-1,B
758-2,A
758-3,F
758-4,B
759-1,B
759-2,G
759-3,A
759-4,D
760-1,A
760-2,F
760-3,A
760-4,G
761-1,A
761-2,A
761-3,E
761-4,D
762-1,A
762-2,B
762-3,C
762-4,B
763-1,A
763-2,H
763-3,B
763-4,C
764-1,A
764-2,B
764-3,G
764-4,D
765-1,D
765-2,C
765-3,B
765-4,A
766-1,D
766-2,B
766-3,B
766-4,B
767-1,G
767-2,D
767-3,F
767-4,B
768-1,H
768-2,B
768-3,B
768-4,B
770-1,B
770-2,B
770-3,B
770-4,A
771-1,A
771-2,C
771-3,H
771-4,E
772-1,E
772-2,A
772-3,H
772-4,E
773-1,B
773-2,C
773-3,B
773-4,E
774-1,C
774-2,E
774-3,A
774-4,C
775-1,E
775-2,E
775-3,C
775-4,E
776-1,A
776-2,C
776-3,D
776-4,B
778-1,B
778-2,B
778-3,E
778-4,B
779-1,D
779-2,G
779-3,B
779-4,D
780-1,F
780-2,E
780-3,C
780-4,E
