sample_id,16f_151k,32f_151k,8f_151k,textonly
mlvu-000000,A,A,A,A
mlvu-000001,A,B,A,A
mlvu-000002,B,A,C,A
mlvu-000003,A,A,A,A
mlvu-000004,B,A,A,A
mlvu-000005,A,A,B,A
mlvu-000006,C,C,C,C
mlvu-000007,D,D,B,D
mlvu-000008,C,C,C,C
mlvu-000009,A,A,A,A
mlvu-000010,B,B,B,B
mlvu-000011,B,A,D,C
mlvu-000012,C,C,C,C
mlvu-000013,A,A,A,A
mlvu-000014,D,D,D,A
mlvu-000015,B,B,B,B
mlvu-000016,C,D,C,C
mlvu-000017,B,B,A,B
mlvu-000018,B,A,B,A
mlvu-000019,B,D,D,D
mlvu-000020,B,B,B,C
mlvu-000021,C,C,C,B
mlvu-000022,B,B,B,B
mlvu-000023,A,A,A,A
mlvu-000024,A,A,A,A
mlvu-000025,D,A,A,A
mlvu-000026,A,A,A,A
mlvu-000027,A,A,A,A
mlvu-000028,A,A,A,A
mlvu-000029,A,A,A,A
mlvu-000030,A,A,A,A
mlvu-000031,B,A,B,A
mlvu-000032,C,C,C,A
mlvu-000033,B,B,B,B
mlvu-000034,D,D,D,D
mlvu-000035,A,A,A,A
mlvu-000036,B,B,B,A
mlvu-000037,D,A,A,C
mlvu-000038,A,A,A,A
mlvu-000039,A,B,A,A
mlvu-000040,A,A,A,C
mlvu-000041,A,B,B,B
mlvu-000042,A,A,A,A
mlvu-000043,C,C,B,A
mlvu-000044,D,D,D,D
mlvu-000045,D,D,D,A
mlvu-000046,C,C,C,C
mlvu-000047,C,C,C,A
mlvu-000048,B,B,B,B
mlvu-000049,A,A,A,A
mlvu-000050,A,A,A,A
mlvu-000051,A,A,A,A
mlvu-000052,D,C,C,C
mlvu-000053,A,B,A,A
mlvu-000054,B,D,B,B
mlvu-000055,A,D,A,D
mlvu-000056,B,B,B,A
mlvu-000057,D,D,D,A
mlvu-000058,A,A,A,A
mlvu-000059,A,A,A,A
mlvu-000060,A,B,B,A
mlvu-000061,B,B,B,B
mlvu-000062,A,A,A,A
mlvu-000063,A,D,D,A
mlvu-000064,B,B,C,C
mlvu-000065,C,B,D,B
mlvu-000066,B,A,B,B
mlvu-000067,A,B,B,C
mlvu-000068,A,C,A,A
mlvu-000069,D,C,B,B
mlvu-000070,B,B,B,B
mlvu-000071,A,C,A,C
mlvu-000072,A,A,A,A
mlvu-000073,A,A,A,A
mlvu-000074,B,B,A,A
mlvu-000075,C,C,A,A
mlvu-000076,C,C,C,C
mlvu-000077,C,C,C,C
mlvu-000078,B,A,B,B
mlvu-000079,A,A,D,A
mlvu-000080,B,B,A,A
mlvu-000081,C,A,B,A
mlvu-000082,A,A,A,C
mlvu-000083,A,A,A,A
mlvu-000084,C,C,A,A
mlvu-000085,A,A,A,A
mlvu-000086,B,A,B,A
mlvu-000087,B,B,B,A
mlvu-000088,B,B,C,A
mlvu-000089,B,B,A,A
mlvu-000090,A,A,A,A
mlvu-000091,B,A,B,A
mlvu-000092,C,A,C,A
mlvu-000093,A,A,A,A
mlvu-000094,B,A,B,B
mlvu-000095,A,A,D,D
mlvu-000096,B,B,B,B
mlvu-000097,C,C,B,B
mlvu-000098,A,A,A,A
mlvu-000099,A,A,A,A
mlvu-000100,C,D,C,C
mlvu-000101,C,C,C,A
mlvu-000102,A,A,A,A
mlvu-000103,D,D,D,D
mlvu-000104,A,A,A,A
mlvu-000105,A,A,A,D
mlvu-000106,A,A,A,A
mlvu-000107,A,A,A,A
mlvu-000108,B,B,B,B
mlvu-000109,B,B,B,A
mlvu-000110,A,A,B,B
mlvu-000111,A,B,A,A
mlvu-000112,D,A,D,D
mlvu-000113,A,A,A,A
mlvu-000114,B,A,B,A
mlvu-000115,C,B,A,B
mlvu-000116,B,B,A,C
mlvu-000117,D,D,D,D
mlvu-000118,B,B,B,B
mlvu-000119,C,C,C,C
mlvu-000120,C,C,C,A
mlvu-000121,B,B,B,B
mlvu-000122,D,D,D,D
mlvu-000123,B,B,C,C
mlvu-000124,B,C,B,A
mlvu-000125,C,A,A,A
mlvu-000126,B,B,A,A
mlvu-000127,D,D,D,D
mlvu-000128,A,A,A,A
mlvu-000129,B,B,A,A
mlvu-000130,A,A,A,A
mlvu-000131,B,B,B,B
mlvu-000132,B,B,B,A
mlvu-000133,A,D,A,D
mlvu-000134,B,B,B,B
mlvu-000135,C,C,D,D
mlvu-000136,A,A,A,A
mlvu-000137,B,A,B,B
mlvu-000138,A,D,B,B
mlvu-000139,B,B,B,B
mlvu-000140,A,A,B,B
mlvu-000141,B,B,B,C
mlvu-000142,C,A,A,D
mlvu-000143,C,A,A,C
mlvu-000144,A,B,C,A
mlvu-000145,A,A,A,D
mlvu-000146,B,A,A,A
mlvu-000147,A,A,A,A
mlvu-000148,C,D,B,C
mlvu-000149,A,A,A,A
mlvu-000150,C,C,C,A
mlvu-000151,A,A,A,D
mlvu-000152,A,C,A,A
mlvu-000153,A,B,A,B
mlvu-000154,B,B,B,B
mlvu-000155,B,B,B,A
mlvu-000156,C,A,D,A
mlvu-000157,B,B,B,B
mlvu-000158,A,A,A,A
mlvu-000159,D,C,D,C
mlvu-000160,D,D,D,D
mlvu-000161,A,A,A,D
mlvu-000162,B,B,B,B
mlvu-000163,C,C,C,C
mlvu-000164,B,A,B,A
mlvu-000165,A,A,B,A
mlvu-000166,A,A,A,A
mlvu-000167,B,A,A,A
mlvu-000168,A,A,A,A
mlvu-000169,B,B,B,B
mlvu-000170,B,B,A,B
mlvu-000171,A,A,A,A
mlvu-000172,A,A,B,A
mlvu-000173,C,C,C,A
mlvu-000174,D,A,D,A
mlvu-000175,B,A,B,B
mlvu-000176,A,A,A,A
mlvu-000177,B,B,B,A
mlvu-000178,B,B,B,A
mlvu-000179,B,B,B,B
mlvu-000180,B,B,B,B
mlvu-000181,A,A,A,A
mlvu-000182,A,A,C,A
mlvu-000183,B,D,B,B
mlvu-000184,C,B,C,D
mlvu-000185,B,B,B,B
mlvu-000186,B,B,B,C
mlvu-000187,A,A,A,A
mlvu-000188,A,A,A,A
mlvu-000189,A,A,A,B
mlvu-000190,A,A,B,B
mlvu-000191,B,D,B,B
mlvu-000192,B,A,A,B
mlvu-000193,A,A,A,A
mlvu-000194,A,A,A,A
mlvu-000195,D,B,C,A
mlvu-000196,A,A,D,D
mlvu-000197,B,B,C,C
mlvu-000198,D,D,A,A
mlvu-000199,A,A,A,A
mlvu-000200,A,B,A,A
mlvu-000201,D,D,B,B
mlvu-000202,B,B,B,B
mlvu-000203,A,A,B,A
mlvu-000204,A,A,A,A
mlvu-000205,A,A,A,A
mlvu-000206,A,C,C,A
mlvu-000207,B,B,B,B
mlvu-000208,A,A,A,A
mlvu-000209,D,D,D,B
mlvu-000210,B,B,B,B
mlvu-000211,A,A,A,A
mlvu-000212,C,A,A,C
mlvu-000213,B,A,C,C
mlvu-000214,A,B,B,B
mlvu-000215,B,B,A,A
mlvu-000216,C,A,C,A
mlvu-000217,B,A,A,B
mlvu-000218,C,C,D,D
mlvu-000219,C,C,C,A
mlvu-000220,B,B,A,A
mlvu-000221,A,A,A,A
mlvu-000222,A,A,A,A
mlvu-000223,A,A,A,A
mlvu-000224,A,A,A,A
mlvu-000225,B,B,B,B
mlvu-000226,D,D,D,D
mlvu-000227,A,A,A,A
mlvu-000228,A,A,A,A
mlvu-000229,B,A,B,A
mlvu-000230,A,A,A,A
mlvu-000231,B,A,B,A
mlvu-000232,D,A,D,A
mlvu-000233,A,C,B,B
mlvu-000234,A,C,A,A
mlvu-000235,A,A,A,A
mlvu-000236,A,A,D,A
mlvu-000237,A,A,A,A
mlvu-000238,B,B,B,A
mlvu-000239,A,A,A,A
mlvu-000240,A,A,A,A
mlvu-000241,C,C,C,C
mlvu-000242,A,A,A,C
mlvu-000243,A,A,A,B
mlvu-000244,B,B,B,A
mlvu-000245,B,D,C,C
mlvu-000246,B,B,B,B
mlvu-000247,C,C,C,C
mlvu-000248,A,A,A,A
mlvu-000249,A,A,A,A
mlvu-000250,A,A,B,A
mlvu-000251,D,D,B,B
mlvu-000252,B,B,B,B
mlvu-000253,D,C,C,C
mlvu-000254,A,A,A,A
mlvu-000255,A,B,B,A
mlvu-000256,B,B,B,A
mlvu-000257,B,B,B,B
mlvu-000258,A,A,A,A
mlvu-000259,A,A,A,A
mlvu-000260,B,B,B,B
mlvu-000261,A,A,A,A
mlvu-000262,A,A,A,A
mlvu-000263,C,C,C,C
mlvu-000264,D,D,D,D
mlvu-000265,A,A,A,A
mlvu-000266,A,A,A,A
mlvu-000267,D,D,D,D
mlvu-000268,B,B,B,A
mlvu-000269,C,C,C,C
mlvu-000270,C,A,A,A
mlvu-000271,D,D,D,D
mlvu-000272,D,B,B,A
mlvu-000273,A,A,B,C
mlvu-000274,B,B,B,A
mlvu-000275,A,C,C,A
mlvu-000276,B,B,B,B
mlvu-000277,A,A,A,A
mlvu-000278,A,B,A,A
mlvu-000279,D,B,D,A
mlvu-000280,A,A,A,A
mlvu-000281,A,A,B,B
mlvu-000282,A,A,B,C
mlvu-000283,A,A,A,A
mlvu-000284,D,D,D,D
mlvu-000285,A,A,A,A
mlvu-000286,C,C,C,A
mlvu-000287,A,A,A,A
mlvu-000288,C,A,A,A
mlvu-000289,A,A,A,A
mlvu-000290,A,A,A,A
mlvu-000291,A,A,A,A
mlvu-000292,A,A,A,A
mlvu-000293,A,A,B,A
mlvu-000294,D,D,D,D
mlvu-000295,D,B,D,A
mlvu-000296,B,B,B,B
mlvu-000297,A,A,A,A
mlvu-000298,A,A,A,A
mlvu-000299,B,B,B,B
mlvu-000300,D,A,A,A
mlvu-000301,D,D,D,D
mlvu-000302,C,A,B,C
mlvu-000303,A,D,A,D
mlvu-000304,A,A,A,A
mlvu-000305,A,A,A,A
mlvu-000306,A,C,A,A
mlvu-000307,D,D,C,C
mlvu-000308,A,A,A,A
mlvu-000309,B,D,B,B
mlvu-000310,A,A,A,A
mlvu-000311,B,B,B,A
mlvu-000312,C,C,C,A
mlvu-000313,A,A,A,B
mlvu-000314,A,A,D,C
mlvu-000315,B,B,B,B
mlvu-000316,A,A,A,C
mlvu-000317,A,A,A,B
mlvu-000318,C,C,C,C
mlvu-000319,C,C,A,A
mlvu-000320,A,A,D,A
mlvu-000321,B,B,D,A
mlvu-000322,A,A,B,B
mlvu-000323,B,A,B,A
mlvu-000324,B,B,B,B
mlvu-000325,A,A,A,A
mlvu-000326,A,A,A,A
mlvu-000327,A,A,B,C
mlvu-000328,B,B,B,B
mlvu-000329,B,B,B,A
mlvu-000330,A,A,A,D
mlvu-000331,C,C,B,A
mlvu-000332,B,B,A,A
mlvu-000333,D,D,D,C
mlvu-000334,B,B,B,B
mlvu-000335,B,B,B,B
mlvu-000336,B,A,B,A
mlvu-000337,A,A,A,A
mlvu-000338,B,B,B,B
mlvu-000339,C,A,A,A
mlvu-000340,C,A,C,C
mlvu-000341,B,B,C,A
mlvu-000342,C,C,A,A
mlvu-000343,D,D,A,A
mlvu-000344,A,A,A,A
mlvu-000345,A,A,A,A
mlvu-000346,B,B,B,A
mlvu-000347,A,A,A,A
mlvu-000348,B,A,B,B
mlvu-000349,B,B,A,A
mlvu-000350,A,A,A,A
mlvu-000351,A,A,A,A
mlvu-000352,B,A,A,A
mlvu-000353,A,A,A,A
mlvu-000354,C,A,A,A
mlvu-000355,A,D,A,C
mlvu-000356,C,C,C,D
mlvu-000357,D,A,B,A
mlvu-000358,A,A,A,A
mlvu-000359,B,B,A,B
mlvu-000360,B,B,B,C
mlvu-000361,C,A,C,C
mlvu-000362,A,D,A,A
mlvu-000363,B,B,B,B
mlvu-000364,B,B,B,A
mlvu-000365,A,A,A,A
mlvu-000366,C,A,A,A
mlvu-000367,A,A,A,A
mlvu-000368,A,A,A,A
mlvu-000369,A,A,A,B
mlvu-000370,A,A,A,A
mlvu-000371,C,C,C,C
mlvu-000372,D,C,D,C
mlvu-000373,A,A,A,A
mlvu-000374,A,A,A,A
mlvu-000375,A,A,A,A
mlvu-000376,B,B,D,B
mlvu-000377,C,C,C,A
mlvu-000378,A,B,A,A
mlvu-000379,C,C,C,C
mlvu-000380,A,D,A,A
mlvu-000381,C,C,C,A
mlvu-000382,B,B,B,C
mlvu-000383,B,D,A,A
mlvu-000384,A,A,A,A
mlvu-000385,A,A,A,A
mlvu-000386,A,A,A,A
mlvu-000387,D,D,D,A
mlvu-000388,A,A,A,A
mlvu-000389,C,C,C,C
mlvu-000390,A,B,A,A
mlvu-000391,B,B,B,A
mlvu-000392,B,A,B,A
mlvu-000393,C,C,C,C
mlvu-000394,C,D,A,A
mlvu-000395,A,A,B,A
mlvu-000396,A,A,D,B
mlvu-000397,A,A,A,A
mlvu-000398,C,A,B,C
mlvu-000399,C,C,C,C
mlvu-000400,B,B,A,A
mlvu-000401,B,B,D,A
mlvu-000402,A,A,D,A
mlvu-000403,A,B,A,A
mlvu-000404,B,B,B,A
mlvu-000405,D,C,D,C
mlvu-000406,A,B,B,B
mlvu-000407,D,B,D,D
mlvu-000408,B,B,B,A
mlvu-000409,D,A,B,C
mlvu-000410,A,A,A,A
mlvu-000411,B,A,B,A
mlvu-000412,A,A,A,A
mlvu-000413,C,C,C,D
mlvu-000414,D,D,D,D
mlvu-000415,C,C,C,C
mlvu-000416,A,A,D,B
mlvu-000417,A,D,A,D
mlvu-000418,A,A,A,A
mlvu-000419,B,A,C,B
mlvu-000420,A,A,A,A
mlvu-000421,A,A,A,A
mlvu-000422,B,A,B,B
mlvu-000423,C,D,C,C
mlvu-000424,B,C,D,B
mlvu-000425,B,B,B,B
mlvu-000426,A,A,A,A
mlvu-000427,A,A,A,D
mlvu-000428,C,B,B,A
mlvu-000429,B,A,A,B
mlvu-000430,B,A,B,A
mlvu-000431,B,A,A,A
mlvu-000432,A,A,A,A
mlvu-000433,B,A,A,A
mlvu-000434,B,A,A,C
mlvu-000435,A,A,C,C
mlvu-000436,A,B,A,A
mlvu-000437,B,B,B,B
mlvu-000438,D,D,D,A
mlvu-000439,B,B,B,A
mlvu-000440,D,D,D,A
mlvu-000441,C,C,B,B
mlvu-000442,A,A,C,B
mlvu-000443,A,A,A,A
mlvu-000444,A,A,A,A
mlvu-000445,A,D,A,A
mlvu-000446,A,D,D,A
mlvu-000447,A,A,A,A
mlvu-000448,A,A,A,A
mlvu-000449,D,D,D,B
mlvu-000450,A,A,A,A
mlvu-000451,C,C,C,A
mlvu-000452,A,A,A,A
mlvu-000453,D,D,D,D
mlvu-000454,A,A,A,A
mlvu-000455,A,A,A,A
mlvu-000456,B,B,B,B
mlvu-000457,B,A,B,B
mlvu-000458,A,A,B,B
mlvu-000459,C,A,C,A
mlvu-000460,B,D,D,D
mlvu-000461,A,A,C,A
mlvu-000462,A,A,A,A
mlvu-000463,B,B,B,C
mlvu-000464,A,A,A,A
mlvu-000465,A,A,C,A
mlvu-000466,D,D,A,A
mlvu-000467,A,A,A,A
mlvu-000468,B,B,B,A
mlvu-000469,C,A,C,C
mlvu-000470,C,C,C,A
mlvu-000471,A,A,A,A
mlvu-000472,B,B,B,B
mlvu-000473,C,C,C,C
mlvu-000474,D,D,D,D
mlvu-000475,C,C,A,C
mlvu-000476,B,B,B,A
mlvu-000477,C,C,C,D
mlvu-000478,D,D,D,D
mlvu-000479,A,A,A,A
mlvu-000480,A,A,A,A
mlvu-000481,B,B,B,A
mlvu-000482,A,A,A,A
mlvu-000483,C,A,A,A
mlvu-000484,A,A,A,A
mlvu-000485,D,D,A,A
mlvu-000486,A,D,D,A
mlvu-000487,A,A,A,A
mlvu-000488,A,A,A,A
mlvu-000489,C,C,C,C
mlvu-000490,B,B,B,B
mlvu-000491,B,B,B,A
mlvu-000492,D,D,A,A
mlvu-000493,A,A,A,C
mlvu-000494,C,C,C,C
mlvu-000495,B,B,B,A
mlvu-000496,A,A,A,A
mlvu-000497,B,B,A,A
mlvu-000498,A,A,A,A
mlvu-000499,B,B,B,B
mlvu-000500,A,A,A,A
mlvu-000501,A,A,A,A
mlvu-000502,A,A,A,B
mlvu-000503,A,B,B,A
mlvu-000504,B,B,B,B
mlvu-000505,B,A,B,A
mlvu-000506,D,D,D,D
mlvu-000507,B,A,B,D
mlvu-000508,A,A,A,A
mlvu-000509,B,B,B,B
mlvu-000510,C,C,C,A
mlvu-000511,A,A,A,A
mlvu-000512,B,B,B,B
mlvu-000513,A,A,B,D
mlvu-000514,D,D,D,D
mlvu-000515,D,B,D,C
mlvu-000516,A,A,A,A
mlvu-000517,A,A,A,A
mlvu-000518,A,A,B,A
mlvu-000519,A,A,A,A
mlvu-000520,B,B,B,B
mlvu-000521,B,A,A,B
mlvu-000522,A,A,A,A
mlvu-000523,A,A,A,A
mlvu-000524,B,A,C,C
mlvu-000525,A,A,A,B
mlvu-000526,A,A,A,A
mlvu-000527,A,A,A,A
mlvu-000528,D,D,D,D
mlvu-000529,D,B,B,A
mlvu-000530,C,C,D,C
mlvu-000531,A,A,A,A
mlvu-000532,B,A,B,A
mlvu-000533,A,A,B,B
mlvu-000534,D,D,D,A
mlvu-000535,A,A,A,A
mlvu-000536,C,A,B,C
mlvu-000537,C,D,D,C
mlvu-000538,D,D,D,A
mlvu-000539,D,A,D,D
mlvu-000540,D,C,C,C
mlvu-000541,C,C,C,C
mlvu-000542,B,C,A,A
mlvu-000543,B,B,B,C
mlvu-000544,A,A,A,A
mlvu-000545,B,B,B,D
mlvu-000546,B,B,B,B
mlvu-000547,B,B,B,B
mlvu-000548,A,A,A,A
mlvu-000549,A,A,A,A
mlvu-000550,B,C,A,B
mlvu-000551,B,B,B,B
mlvu-000552,A,C,C,A
mlvu-000553,C,B,C,B
mlvu-000554,C,C,C,D
mlvu-000555,A,A,A,B
mlvu-000556,A,A,A,C
mlvu-000557,B,B,B,C
mlvu-000558,D,D,A,C
mlvu-000559,D,D,D,D
mlvu-000560,B,A,B,B
mlvu-000561,C,C,C,C
mlvu-000562,A,A,A,A
mlvu-000563,C,C,C,C
mlvu-000564,A,A,A,A
mlvu-000565,C,C,C,C
mlvu-000566,B,B,B,B
mlvu-000567,B,B,B,A
mlvu-000568,A,A,A,B
mlvu-000569,A,A,A,A
mlvu-000570,A,A,A,A
mlvu-000571,A,A,A,A
mlvu-000572,A,A,A,A
mlvu-000573,B,B,B,A
mlvu-000574,B,B,B,B
mlvu-000575,D,D,C,D
mlvu-000576,C,C,C,C
mlvu-000577,B,B,B,B
mlvu-000578,C,D,D,D
mlvu-000579,B,D,C,C
mlvu-000580,B,B,B,B
mlvu-000581,A,A,A,A
mlvu-000582,A,A,A,A
mlvu-000583,A,A,A,A
mlvu-000584,C,D,C,C
mlvu-000585,A,A,A,A
mlvu-000586,B,B,B,A
mlvu-000587,C,C,C,C
mlvu-000588,B,C,B,C
mlvu-000589,A,A,A,A
mlvu-000590,D,A,D,A
mlvu-000591,A,A,A,A
mlvu-000592,A,A,A,A
mlvu-000593,B,B,A,B
mlvu-000594,A,A,A,A
mlvu-000595,B,B,B,D
mlvu-000596,C,C,C,D
mlvu-000597,A,A,A,A
mlvu-000598,C,C,D,D
mlvu-000599,B,B,B,B
mlvu-000600,B,B,B,B
mlvu-000601,A,C,C,C
mlvu-000602,A,D,A,B
mlvu-000603,A,A,A,A
mlvu-000604,A,A,A,C
mlvu-000605,C,C,C,C
mlvu-000606,A,A,A,A
mlvu-000607,A,A,A,A
mlvu-000608,A,A,A,A
mlvu-000609,A,B,A,D
mlvu-000610,A,A,A,A
mlvu-000611,A,C,A,C
mlvu-000612,C,B,C,B
mlvu-000613,D,D,D,D
mlvu-000614,C,C,C,C
mlvu-000615,A,B,A,A
mlvu-000616,A,A,A,C
mlvu-000617,B,A,C,B
mlvu-000618,A,A,A,A
mlvu-000619,A,A,A,D
mlvu-000620,A,A,A,A
mlvu-000621,B,B,A,B
mlvu-000622,A,A,A,A
mlvu-000623,A,A,A,A
mlvu-000624,B,A,D,B
mlvu-000625,A,A,A,A
mlvu-000626,A,D,A,D
mlvu-000627,A,A,A,A
mlvu-000628,A,A,B,A
mlvu-000629,B,A,A,A
mlvu-000630,A,A,A,A
mlvu-000631,D,B,B,A
mlvu-000632,A,A,A,A
mlvu-000633,A,C,C,C
mlvu-000634,C,C,B,A
mlvu-000635,C,C,D,A
mlvu-000636,B,B,B,B
mlvu-000637,A,A,A,A
mlvu-000638,B,D,B,B
mlvu-000639,A,C,A,A
mlvu-000640,A,A,A,A
mlvu-000641,A,A,D,A
mlvu-000642,C,C,C,C
mlvu-000643,B,A,A,A
mlvu-000644,A,A,A,A
mlvu-000645,A,A,A,A
mlvu-000646,A,A,A,A
mlvu-000647,A,A,A,A
mlvu-000648,B,B,C,A
mlvu-000649,B,A,D,A
mlvu-000650,C,C,C,A
mlvu-000651,A,A,A,A
mlvu-000652,A,A,A,A
mlvu-000653,A,A,A,A
mlvu-000654,A,A,A,A
mlvu-000655,B,B,B,B
mlvu-000656,A,A,B,A
mlvu-000657,D,A,D,D
mlvu-000658,A,A,A,A
mlvu-000659,B,B,B,B
mlvu-000660,A,A,A,A
mlvu-000661,A,A,A,A
mlvu-000662,C,C,B,C
mlvu-000663,C,C,C,B
mlvu-000664,A,A,A,A
mlvu-000665,A,D,D,D
mlvu-000666,A,A,A,A
mlvu-000667,D,D,D,D
mlvu-000668,A,A,A,B
mlvu-000669,D,D,D,D
mlvu-000670,B,B,B,B
mlvu-000671,A,B,B,D
mlvu-000672,A,A,A,C
mlvu-000673,C,C,B,C
mlvu-000674,C,C,C,C
mlvu-000675,A,A,B,A
mlvu-000676,D,D,B,A
mlvu-000677,D,D,D,D
mlvu-000678,A,A,A,A
mlvu-000679,A,A,B,C
mlvu-000680,D,D,D,D
mlvu-000681,C,C,B,A
mlvu-000682,B,B,B,A
mlvu-000683,B,B,B,B
mlvu-000684,A,A,A,A
mlvu-000685,A,A,A,C
mlvu-000686,C,C,C,C
mlvu-000687,A,A,A,A
mlvu-000688,A,A,B,B
mlvu-000689,A,C,C,C
mlvu-000690,C,C,C,C
mlvu-000691,A,D,D,D
mlvu-000692,C,C,C,B
mlvu-000693,B,D,B,D
mlvu-000694,A,C,C,C
mlvu-000695,A,A,A,D
mlvu-000696,B,B,B,B
mlvu-000697,B,B,C,A
mlvu-000698,C,A,C,C
mlvu-000699,C,C,C,C
mlvu-000700,B,B,B,C
mlvu-000701,B,B,B,B
mlvu-000702,A,A,A,A
mlvu-000703,A,B,A,B
mlvu-000704,D,D,D,D
mlvu-000705,C,C,C,C
mlvu-000706,C,C,B,B
mlvu-000707,A,C,C,C
mlvu-000708,B,B,D,C
mlvu-000709,C,C,D,C
mlvu-000710,A,A,A,B
mlvu-000711,B,A,B,A
mlvu-000712,A,A,A,A
mlvu-000713,C,C,C,B
mlvu-000714,A,C,C,C
mlvu-000715,B,B,B,B
mlvu-000716,C,C,C,C
mlvu-000717,B,B,D,C
mlvu-000718,D,D,B,B
mlvu-000719,B,B,B,B
mlvu-000720,A,B,B,B
mlvu-000721,D,A,D,D
mlvu-000722,A,A,A,A
mlvu-000723,B,B,B,B
mlvu-000724,A,A,C,C
mlvu-000725,A,A,A,A
mlvu-000726,A,A,A,C
mlvu-000727,A,A,A,C
mlvu-000728,B,A,A,A
mlvu-000729,A,A,A,A
mlvu-000730,B,B,D,D
mlvu-000731,A,A,A,A
mlvu-000732,D,D,A,C
mlvu-000733,A,A,A,A
mlvu-000734,A,A,A,A
mlvu-000735,B,B,B,A
mlvu-000736,C,C,C,B
mlvu-000737,A,A,A,A
mlvu-000738,C,C,C,A
mlvu-000739,A,A,A,A
mlvu-000740,D,D,D,A
mlvu-000741,D,B,B,D
mlvu-000742,A,A,A,A
mlvu-000743,B,C,C,B
mlvu-000744,A,A,A,A
mlvu-000745,C,C,C,C
mlvu-000746,B,B,B,B
mlvu-000747,A,C,A,A
mlvu-000748,C,C,C,C
mlvu-000749,C,C,C,C
mlvu-000750,A,A,A,A
mlvu-000751,A,C,A,A
mlvu-000752,D,A,D,D
mlvu-000753,B,B,B,B
mlvu-000754,A,A,A,A
mlvu-000755,B,B,B,B
mlvu-000756,A,A,A,A
mlvu-000757,D,D,D,D
mlvu-000758,A,A,A,A
mlvu-000759,C,C,C,C
mlvu-000760,A,B,A,B
mlvu-000761,A,A,C,A
mlvu-000762,A,B,A,B
mlvu-000763,B,B,B,A
mlvu-000764,A,A,A,A
mlvu-000765,A,A,A,C
mlvu-000766,D,D,B,B
mlvu-000767,A,B,B,A
mlvu-000768,A,A,B,A
mlvu-000769,C,C,C,A
mlvu-000770,C,A,A,A
mlvu-000771,A,A,A,A
mlvu-000772,B,B,B,A
mlvu-000773,C,B,C,A
mlvu-000774,D,D,D,D
mlvu-000775,B,B,B,B
mlvu-000776,A,A,A,A
mlvu-000777,D,D,D,D
mlvu-000778,B,A,B,A
mlvu-000779,A,A,A,A
mlvu-000780,D,D,D,D
mlvu-000781,C,C,C,C
mlvu-000782,C,A,A,D
mlvu-000783,B,B,B,B
mlvu-000784,B,C,C,C
mlvu-000785,D,A,D,A
mlvu-000786,A,B,A,A
mlvu-000787,A,A,A,A
mlvu-000788,A,A,A,A
mlvu-000789,B,B,B,B
mlvu-000790,B,B,C,B
mlvu-000791,C,C,C,C
mlvu-000792,A,A,A,A
mlvu-000793,A,C,C,A
mlvu-000794,D,D,D,D
mlvu-000795,B,A,B,A
mlvu-000796,B,B,B,B
mlvu-000797,A,A,A,A
mlvu-000798,D,D,A,A
mlvu-000799,B,B,B,B
mlvu-000800,D,C,C,C
mlvu-000801,C,B,C,C
mlvu-000802,C,B,C,C
mlvu-000803,C,C,C,C
mlvu-000804,A,A,A,A
mlvu-000805,B,B,B,B
mlvu-000806,C,C,B,C
mlvu-000807,A,A,B,A
mlvu-000808,D,D,B,B
mlvu-000809,D,D,D,D
mlvu-000810,C,C,B,B
mlvu-000811,A,B,B,A
mlvu-000812,A,A,C,C
mlvu-000813,A,C,B,A
mlvu-000814,A,A,A,D
mlvu-000815,D,D,A,D
mlvu-000816,C,D,D,B
mlvu-000817,A,A,B,A
mlvu-000818,B,B,B,B
mlvu-000819,A,A,A,A
mlvu-000820,C,C,C,C
mlvu-000821,A,A,A,A
mlvu-000822,D,A,C,C
mlvu-000823,D,D,D,D
mlvu-000824,B,B,B,A
mlvu-000825,A,C,A,B
mlvu-000826,A,C,A,A
mlvu-000827,B,B,B,A
mlvu-000828,C,C,C,C
mlvu-000829,A,A,A,C
mlvu-000830,A,A,A,A
mlvu-000831,C,C,C,C
mlvu-000832,D,D,C,A
mlvu-000833,B,B,A,B
mlvu-000834,C,C,C,C
mlvu-000835,A,A,A,A
mlvu-000836,A,A,A,A
mlvu-000837,B,B,B,D
mlvu-000838,D,A,D,D
mlvu-000839,B,B,C,B
mlvu-000840,D,D,D,D
mlvu-000841,B,B,B,A
mlvu-000842,A,B,B,B
mlvu-000843,D,C,D,D
mlvu-000844,B,C,B,B
mlvu-000845,B,B,B,B
mlvu-000846,A,C,C,B
mlvu-000847,B,B,B,B
mlvu-000848,B,D,D,D
mlvu-000849,B,B,B,B
mlvu-000850,A,A,A,B
mlvu-000851,C,C,C,C
mlvu-000852,B,B,B,B
mlvu-000853,B,B,B,D
mlvu-000854,C,C,C,C
mlvu-000855,A,A,B,A
mlvu-000856,C,C,C,C
mlvu-000857,A,A,A,A
mlvu-000858,D,C,D,A
mlvu-000859,C,C,C,C
mlvu-000860,D,A,D,D
mlvu-000861,C,C,A,C
mlvu-000862,A,A,A,A
mlvu-000863,A,C,B,A
mlvu-000864,D,D,B,C
mlvu-000865,A,A,B,B
mlvu-000866,A,A,A,C
mlvu-000867,B,B,B,B
mlvu-000868,A,D,B,C
mlvu-000869,B,B,B,B
mlvu-000870,D,D,D,B
mlvu-000871,C,C,C,D
mlvu-000872,A,C,C,A
mlvu-000873,A,A,A,A
mlvu-000874,D,D,D,D
mlvu-000875,C,C,C,C
mlvu-000876,C,C,B,C
mlvu-000877,B,B,A,A
mlvu-000878,A,A,A,A
mlvu-000879,A,A,A,A
mlvu-000880,A,A,A,A
mlvu-000881,A,B,A,A
mlvu-000882,A,A,B,D
mlvu-000883,A,A,C,C
mlvu-000884,C,C,C,B
mlvu-000885,A,A,A,A
mlvu-000886,A,A,A,A
mlvu-000887,A,A,A,C
mlvu-000888,D,D,D,D
mlvu-000889,B,A,A,B
mlvu-000890,B,B,B,D
mlvu-000891,C,C,C,C
mlvu-000892,A,A,A,A
mlvu-000893,B,B,B,C
mlvu-000894,A,A,A,A
mlvu-000895,A,A,A,A
mlvu-000896,A,A,A,C
mlvu-000897,B,B,B,B
mlvu-000898,D,A,D,B
mlvu-000899,A,A,A,A
mlvu-000900,A,A,A,A
mlvu-000901,C,C,A,A
mlvu-000902,B,A,A,A
mlvu-000903,A,B,A,A
mlvu-000904,C,C,C,C
mlvu-000905,B,B,B,A
mlvu-000906,A,A,A,A
mlvu-000907,A,A,A,A
mlvu-000908,A,A,A,A
mlvu-000909,B,B,B,C
mlvu-000910,C,C,C,C
mlvu-000911,C,C,C,A
mlvu-000912,A,A,A,A
mlvu-000913,A,A,A,A
mlvu-000914,C,C,C,C
mlvu-000915,C,C,C,B
mlvu-000916,A,A,A,A
mlvu-000917,A,A,A,A
mlvu-000918,A,A,A,A
mlvu-000919,A,A,A,A
mlvu-000920,C,C,C,C
mlvu-000921,A,A,A,A
mlvu-000922,B,B,B,B
mlvu-000923,B,B,B,A
mlvu-000924,A,A,A,A
mlvu-000925,C,C,C,C
mlvu-000926,B,B,A,A
mlvu-000927,D,D,D,A
mlvu-000928,B,B,B,A
mlvu-000929,D,D,D,D
mlvu-000930,A,A,A,A
mlvu-000931,A,A,A,A
mlvu-000932,A,A,A,D
mlvu-000933,B,A,B,D
mlvu-000934,A,A,A,A
mlvu-000935,A,A,A,A
mlvu-000936,C,C,C,C
mlvu-000937,A,A,A,C
mlvu-000938,B,B,B,B
mlvu-000939,B,B,B,B
mlvu-000940,D,D,D,A
mlvu-000941,B,B,B,B
mlvu-000942,A,A,A,A
mlvu-000943,B,B,B,A
mlvu-000944,C,B,C,A
mlvu-000945,B,B,C,A
mlvu-000946,B,B,B,B
mlvu-000947,A,A,A,C
mlvu-000948,D,D,D,A
mlvu-000949,C,C,C,A
mlvu-000950,A,A,A,A
mlvu-000951,C,C,A,C
mlvu-000952,C,C,C,D
mlvu-000953,A,C,A,B
mlvu-000954,B,B,B,B
mlvu-000955,B,B,B,A
mlvu-000956,A,D,A,B
mlvu-000957,A,A,A,A
mlvu-000958,A,A,A,A
mlvu-000959,C,C,C,C
mlvu-000960,D,D,D,A
mlvu-000961,B,B,B,B
mlvu-000962,C,C,C,C
mlvu-000963,D,B,A,B
mlvu-000964,B,B,B,B
mlvu-000965,A,A,A,A
mlvu-000966,C,C,C,A
mlvu-000967,C,C,C,C
mlvu-000968,A,A,A,A
mlvu-000969,D,D,D,B
mlvu-000970,A,A,B,B
mlvu-000971,A,A,A,A
mlvu-000972,B,B,B,C
mlvu-000973,A,A,A,A
mlvu-000974,D,D,D,A
mlvu-000975,B,B,B,B
mlvu-000976,A,A,A,A
mlvu-000977,B,A,B,B
mlvu-000978,B,C,B,C
mlvu-000979,B,B,B,B
mlvu-000980,C,C,A,A
mlvu-000981,A,A,A,A
mlvu-000982,A,D,D,A
mlvu-000983,A,A,A,D
mlvu-000984,B,B,B,B
mlvu-000985,C,C,C,A
mlvu-000986,A,A,A,A
mlvu-000987,C,C,C,C
mlvu-000988,A,A,A,C
mlvu-000989,B,B,B,A
mlvu-000990,D,D,A,A
mlvu-000991,A,A,A,C
mlvu-000992,C,C,A,A
mlvu-000993,D,D,A,A
mlvu-000994,B,B,B,B
mlvu-000995,A,A,A,D
mlvu-000996,B,B,B,B
mlvu-000997,B,B,B,B
mlvu-000998,B,B,B,B
mlvu-000999,A,A,A,A
mlvu-001000,A,A,B,B
mlvu-001001,A,A,A,A
mlvu-001002,B,B,B,B
mlvu-001003,A,C,B,A
mlvu-001004,B,B,B,B
mlvu-001005,A,A,A,A
mlvu-001006,B,B,B,D
mlvu-001007,C,C,C,C
mlvu-001008,B,B,B,B
mlvu-001009,A,A,A,A
mlvu-001010,A,A,A,C
mlvu-001011,B,B,A,A
mlvu-001012,A,A,A,A
mlvu-001013,A,B,B,A
mlvu-001014,B,B,A,A
mlvu-001015,A,A,A,A
mlvu-001016,A,A,A,A
mlvu-001017,A,A,A,A
mlvu-001018,B,B,B,B
mlvu-001019,A,A,B,C
mlvu-001020,A,A,A,A
mlvu-001021,D,C,C,A
mlvu-001022,A,A,A,B
mlvu-001023,B,B,B,B
mlvu-001024,C,C,A,A
mlvu-001025,A,A,A,A
mlvu-001026,D,D,D,A
mlvu-001027,B,B,B,B
mlvu-001028,B,B,B,A
mlvu-001029,A,A,A,A
mlvu-001030,D,D,A,A
mlvu-001031,B,B,B,A
mlvu-001032,C,C,C,C
mlvu-001033,A,A,A,A
mlvu-001034,C,C,C,A
mlvu-001035,C,C,C,C
mlvu-001036,C,C,C,A
mlvu-001037,A,A,A,A
mlvu-001038,B,B,B,B
mlvu-001039,B,B,B,B
mlvu-001040,A,A,A,A
mlvu-001041,C,C,C,C
mlvu-001042,B,B,B,B
mlvu-001043,A,A,A,A
mlvu-001044,C,C,C,C
mlvu-001045,A,A,A,A
mlvu-001046,B,B,B,B
mlvu-001047,A,A,B,A
mlvu-001048,B,B,B,B
mlvu-001049,B,B,B,A
mlvu-001050,B,B,B,B
mlvu-001051,A,A,A,A
mlvu-001052,A,B,B,A
mlvu-001053,B,B,B,B
mlvu-001054,A,A,A,A
mlvu-001055,A,A,B,B
mlvu-001056,C,C,C,B
mlvu-001057,C,C,C,A
mlvu-001058,B,B,B,A
mlvu-001059,A,A,B,B
mlvu-001060,D,D,D,D
mlvu-001061,B,B,B,B
mlvu-001062,A,A,A,A
mlvu-001063,B,B,C,B
mlvu-001064,B,B,B,B
mlvu-001065,B,B,A,A
mlvu-001066,A,A,A,A
mlvu-001067,B,B,B,B
mlvu-001068,A,A,A,A
mlvu-001069,B,B,B,B
mlvu-001070,A,A,A,A
mlvu-001071,A,A,A,A
mlvu-001072,C,D,D,A
mlvu-001073,C,C,C,A
mlvu-001074,A,A,A,A
mlvu-001075,A,A,A,C
mlvu-001076,D,B,D,B
mlvu-001077,A,A,A,A
mlvu-001078,A,A,A,A
mlvu-001079,A,A,A,A
mlvu-001080,C,C,C,A
mlvu-001081,A,A,A,A
mlvu-001082,D,D,D,A
mlvu-001083,A,A,A,A
mlvu-001084,D,D,D,D
mlvu-001085,D,D,D,A
mlvu-001086,A,A,A,A
mlvu-001087,A,A,A,B
mlvu-001088,A,C,C,B
mlvu-001089,C,C,A,C
mlvu-001090,A,A,B,A
mlvu-001091,B,C,B,A
mlvu-001092,C,C,C,C
mlvu-001093,B,B,B,B
mlvu-001094,B,B,C,C
mlvu-001095,A,A,A,A
mlvu-001096,B,B,B,B
mlvu-001097,A,A,A,A
mlvu-001098,D,D,D,A
mlvu-001099,C,A,A,A
mlvu-001100,B,A,D,B
mlvu-001101,C,C,C,B
mlvu-001102,D,D,D,B
mlvu-001103,C,C,C,C
mlvu-001104,A,A,A,A
mlvu-001105,B,B,B,B
mlvu-001106,A,A,A,A
mlvu-001107,C,A,A,B
mlvu-001108,D,D,D,C
mlvu-001109,C,C,C,C
mlvu-001110,C,C,C,C
mlvu-001111,A,A,B,A
mlvu-001112,A,B,A,B
mlvu-001113,C,C,C,A
mlvu-001114,A,A,A,A
mlvu-001115,A,A,A,A
mlvu-001116,A,A,A,A
mlvu-001117,A,B,A,A
mlvu-001118,C,C,C,C
mlvu-001119,A,A,A,A
mlvu-001120,B,B,C,A
mlvu-001121,A,A,A,B
mlvu-001122,A,A,A,A
mlvu-001123,D,D,D,D
mlvu-001124,A,A,A,A
mlvu-001125,C,C,C,C
mlvu-001126,C,A,C,A
mlvu-001127,B,B,B,B
mlvu-001128,A,D,A,A
mlvu-001129,C,A,A,A
mlvu-001130,D,D,C,A
mlvu-001131,D,D,D,A
mlvu-001132,A,A,A,A
mlvu-001133,A,B,A,A
mlvu-001134,B,B,B,B
mlvu-001135,B,B,A,A
mlvu-001136,D,D,D,B
mlvu-001137,B,B,B,B
mlvu-001138,A,A,A,C
mlvu-001139,B,B,D,B
mlvu-001140,B,B,B,A
mlvu-001141,A,A,B,A
mlvu-001142,A,A,A,A
mlvu-001143,A,A,A,C
mlvu-001144,C,C,A,A
mlvu-001145,A,A,A,A
mlvu-001146,A,A,A,A
mlvu-001147,B,B,B,B
mlvu-001148,D,B,B,B
mlvu-001149,C,C,C,C
mlvu-001150,A,A,A,A
mlvu-001151,C,C,C,C
mlvu-001152,A,A,A,A
mlvu-001153,D,D,D,D
mlvu-001154,B,B,D,B
mlvu-001155,B,B,B,B
mlvu-001156,C,C,D,C
mlvu-001157,A,A,C,B
mlvu-001158,A,A,A,A
mlvu-001159,A,A,A,C
mlvu-001160,D,D,D,C
mlvu-001161,A,A,A,A
mlvu-001162,D,D,D,D
mlvu-001163,A,A,A,A
mlvu-001164,D,D,D,D
mlvu-001165,B,B,B,B
mlvu-001166,B,B,B,B
mlvu-001167,D,D,C,C
mlvu-001168,B,C,B,D
mlvu-001169,C,C,C,C
mlvu-001170,C,B,C,A
mlvu-001171,A,A,A,A
mlvu-001172,A,A,A,A
mlvu-001173,D,A,D,A
mlvu-001174,B,B,B,A
mlvu-001175,C,A,A,A
mlvu-001176,A,A,A,A
mlvu-001177,B,B,B,B
mlvu-001178,B,B,B,B
mlvu-001179,A,A,A,A
mlvu-001180,A,A,A,A
mlvu-001181,A,A,A,C
mlvu-001182,A,B,A,C
mlvu-001183,A,A,A,A
mlvu-001184,A,A,A,A
mlvu-001185,A,A,A,A
mlvu-001186,A,A,A,A
mlvu-001187,A,A,A,A
mlvu-001188,A,A,A,C
mlvu-001189,A,A,A,A
mlvu-001190,A,A,A,A
mlvu-001191,D,D,D,C
mlvu-001192,A,A,A,A
mlvu-001193,C,C,C,C
mlvu-001194,A,A,A,A
mlvu-001195,A,A,A,A
mlvu-001196,A,A,A,A
mlvu-001197,B,A,B,A
mlvu-001198,B,B,B,B
mlvu-001199,A,A,A,A
mlvu-001200,A,A,A,A
mlvu-001201,B,B,B,A
mlvu-001202,D,D,D,D
mlvu-001203,A,D,D,A
mlvu-001204,C,C,C,C
mlvu-001205,A,A,A,A
mlvu-001206,A,A,A,A
mlvu-001207,B,B,B,B
mlvu-001208,B,B,B,A
mlvu-001209,D,D,D,A
mlvu-001210,A,A,A,B
mlvu-001211,B,B,B,B
mlvu-001212,A,A,A,C
mlvu-001213,A,A,A,A
mlvu-001214,A,A,A,A
mlvu-001215,B,B,B,B
mlvu-001216,D,D,D,C
mlvu-001217,A,A,A,A
mlvu-001218,A,A,A,A
mlvu-001219,B,B,B,B
mlvu-001220,A,A,A,B
mlvu-001221,B,B,B,B
mlvu-001222,A,A,A,C
mlvu-001223,C,C,C,C
mlvu-001224,D,D,D,D
mlvu-001225,B,B,B,A
mlvu-001226,B,A,B,B
mlvu-001227,A,C,C,C
mlvu-001228,A,B,A,A
mlvu-001229,D,D,D,D
mlvu-001230,A,A,A,C
mlvu-001231,D,D,D,A
mlvu-001232,B,B,B,B
mlvu-001233,B,A,D,B
mlvu-001234,A,A,A,D
mlvu-001235,B,B,B,A
mlvu-001236,A,A,A,A
mlvu-001237,B,B,B,B
mlvu-001238,A,A,A,A
mlvu-001239,B,B,B,C
mlvu-001240,C,C,C,C
mlvu-001241,D,D,D,A
mlvu-001242,A,A,A,A
mlvu-001243,A,A,A,A
mlvu-001244,A,B,B,B
mlvu-001245,A,A,A,A
mlvu-001246,A,A,A,A
mlvu-001247,A,A,A,C
mlvu-001248,A,D,B,A
mlvu-001249,B,B,B,C
mlvu-001250,A,A,A,B
mlvu-001251,A,A,A,A
mlvu-001252,A,A,A,A
mlvu-001253,A,A,A,A
mlvu-001254,A,A,A,D
mlvu-001255,A,A,A,A
mlvu-001256,C,A,A,C
mlvu-001257,A,A,A,C
mlvu-001258,A,A,A,C
mlvu-001259,B,A,B,B
mlvu-001260,A,A,A,C
mlvu-001261,B,B,B,B
mlvu-001262,A,A,A,A
mlvu-001263,B,A,B,B
mlvu-001264,A,B,A,A
mlvu-001265,B,B,B,B
mlvu-001266,A,A,A,A
mlvu-001267,A,A,A,A
mlvu-001268,A,A,A,C
mlvu-001269,A,A,A,A
mlvu-001270,A,B,A,A
mlvu-001271,A,A,A,A
mlvu-001272,A,A,A,A
mlvu-001273,A,A,A,A
mlvu-001274,A,A,A,A
mlvu-001275,B,B,B,B
mlvu-001276,A,A,A,A
mlvu-001277,A,A,A,A
mlvu-001278,A,A,A,A
mlvu-001279,A,B,A,C
mlvu-001280,A,B,A,B
mlvu-001281,B,B,B,B
mlvu-001282,A,A,A,A
mlvu-001283,A,A,A,A
mlvu-001284,A,A,A,A
mlvu-001285,A,B,A,B
mlvu-001286,A,A,A,C
mlvu-001287,B,B,B,C
mlvu-001288,B,B,A,C
mlvu-001289,B,B,B,B
mlvu-001290,B,B,B,B
mlvu-001291,A,A,A,A
mlvu-001292,B,B,B,C
mlvu-001293,A,A,A,A
mlvu-001294,A,A,A,A
mlvu-001295,A,A,A,A
mlvu-001296,A,A,A,C
mlvu-001297,A,A,A,A
mlvu-001298,A,A,A,A
mlvu-001299,A,A,A,A
mlvu-001300,A,A,A,A
mlvu-001301,B,B,B,B
mlvu-001302,A,A,A,C
mlvu-001303,A,A,A,A
mlvu-001304,B,B,B,B
mlvu-001305,A,A,A,A
mlvu-001306,B,B,B,B
mlvu-001307,A,A,A,A
mlvu-001308,B,B,B,B
mlvu-001309,A,A,B,B
mlvu-001310,A,A,A,A
mlvu-001311,A,B,B,C
mlvu-001312,A,B,B,A
mlvu-001313,B,B,B,B
mlvu-001314,A,A,A,A
mlvu-001315,A,A,A,A
mlvu-001316,A,A,A,C
mlvu-001317,A,A,A,A
mlvu-001318,B,A,B,B
mlvu-001319,A,A,A,A
mlvu-001320,A,A,A,B
mlvu-001321,A,A,A,A
mlvu-001322,A,A,A,A
mlvu-001323,A,A,A,A
mlvu-001324,A,A,A,A
mlvu-001325,A,A,A,C
mlvu-001326,B,B,A,B
mlvu-001327,A,A,A,A
mlvu-001328,A,A,A,C
mlvu-001329,A,A,A,A
mlvu-001330,A,A,B,C
mlvu-001331,A,A,A,A
mlvu-001332,A,A,A,A
mlvu-001333,B,B,B,B
mlvu-001334,A,A,A,A
mlvu-001335,A,B,A,B
mlvu-001336,A,A,A,A
mlvu-001337,B,B,A,B
mlvu-001338,A,C,A,C
mlvu-001339,A,A,A,A
mlvu-001340,A,A,A,A
mlvu-001341,A,A,C,C
mlvu-001342,B,B,B,A
mlvu-001343,A,A,A,C
mlvu-001344,A,A,C,C
mlvu-001345,A,A,A,B
mlvu-001346,A,A,A,A
mlvu-001347,A,A,A,B
mlvu-001348,A,A,A,A
mlvu-001349,B,B,A,A
mlvu-001350,A,A,A,A
mlvu-001351,A,A,A,C
mlvu-001352,A,A,A,A
mlvu-001353,A,B,A,A
mlvu-001354,A,A,A,C
mlvu-001355,A,A,A,A
mlvu-001356,A,C,A,C
mlvu-001357,A,A,A,A
mlvu-001358,A,A,A,A
mlvu-001359,B,B,B,B
mlvu-001360,A,A,A,C
mlvu-001361,A,A,A,A
mlvu-001362,A,A,A,A
mlvu-001363,A,A,A,A
mlvu-001364,A,A,A,A
mlvu-001365,A,A,A,C
mlvu-001366,A,A,A,A
mlvu-001367,A,A,A,A
mlvu-001368,A,A,A,C
mlvu-001369,A,A,A,A
mlvu-001370,A,A,A,A
mlvu-001371,A,A,A,C
mlvu-001372,A,A,A,A
mlvu-001373,A,A,A,C
mlvu-001374,A,A,A,C
mlvu-001375,A,A,A,A
mlvu-001376,A,A,A,A
mlvu-001377,A,A,A,A
mlvu-001378,A,A,A,C
mlvu-001379,B,A,B,B
mlvu-001380,C,B,B,A
mlvu-001381,B,B,B,B
mlvu-001382,A,A,A,B
mlvu-001383,A,A,A,B
mlvu-001384,A,A,A,A
mlvu-001385,A,A,A,A
mlvu-001386,A,A,A,A
mlvu-001387,A,A,A,A
mlvu-001388,A,A,A,B
mlvu-001389,C,A,A,C
mlvu-001390,A,B,A,A
mlvu-001391,A,A,A,A
mlvu-001392,A,A,A,A
mlvu-001393,A,B,B,B
mlvu-001394,A,A,A,A
mlvu-001395,A,A,A,A
mlvu-001396,A,A,A,A
mlvu-001397,A,A,A,A
mlvu-001398,A,A,A,A
mlvu-001399,A,A,A,A
mlvu-001400,B,B,A,B
mlvu-001401,A,A,A,A
mlvu-001402,A,A,A,A
mlvu-001403,A,A,A,A
mlvu-001404,A,A,A,A
mlvu-001405,A,B,A,A
mlvu-001406,A,A,A,A
mlvu-001407,A,A,A,C
mlvu-001408,A,A,A,A
mlvu-001409,A,B,B,B
mlvu-001410,A,A,A,C
mlvu-001411,A,A,A,A
mlvu-001412,A,A,A,A
mlvu-001413,A,C,A,C
mlvu-001414,A,A,A,A
mlvu-001415,A,A,A,A
mlvu-001416,A,A,A,A
mlvu-001417,A,B,A,A
mlvu-001418,A,A,A,A
mlvu-001419,A,A,A,A
mlvu-001420,A,A,A,A
mlvu-001421,A,A,A,A
mlvu-001422,A,A,A,A
mlvu-001423,A,A,A,A
mlvu-001424,A,A,A,C
mlvu-001425,A,A,A,A
mlvu-001426,A,A,A,A
mlvu-001427,A,A,A,A
mlvu-001428,A,A,A,A
mlvu-001429,A,A,A,A
mlvu-001430,A,A,A,B
mlvu-001431,A,A,A,A
mlvu-001432,B,B,A,C
mlvu-001433,A,A,A,A
mlvu-001434,A,A,A,C
mlvu-001435,A,A,A,A
mlvu-001436,A,A,A,A
mlvu-001437,B,B,B,C
mlvu-001438,A,A,C,C
mlvu-001439,A,B,A,B
mlvu-001440,A,A,A,A
mlvu-001441,A,A,A,C
mlvu-001442,A,A,A,A
mlvu-001443,A,A,A,A
mlvu-001444,B,B,A,B
mlvu-001445,A,A,A,A
mlvu-001446,B,B,B,B
mlvu-001447,A,A,A,A
mlvu-001448,B,B,B,A
mlvu-001449,B,B,B,B
mlvu-001450,D,C,D,D
mlvu-001451,D,D,D,D
mlvu-001452,B,B,B,C
mlvu-001453,B,D,D,D
mlvu-001454,B,B,B,B
mlvu-001455,C,C,C,C
mlvu-001456,B,C,B,B
mlvu-001457,B,B,B,B
mlvu-001458,B,A,A,B
mlvu-001459,B,B,B,B
mlvu-001460,B,B,B,B
mlvu-001461,B,B,B,B
mlvu-001462,B,B,B,C
mlvu-001463,B,B,B,B
mlvu-001464,B,B,B,C
mlvu-001465,B,B,B,B
mlvu-001466,C,C,B,C
mlvu-001467,B,B,B,B
mlvu-001468,B,B,B,B
mlvu-001469,C,C,C,C
mlvu-001470,B,B,B,B
mlvu-001471,B,B,B,B
mlvu-001472,B,B,C,B
mlvu-001473,D,D,D,D
mlvu-001474,B,B,B,B
mlvu-001475,B,B,B,B
mlvu-001476,B,B,B,B
mlvu-001477,B,B,B,C
mlvu-001478,B,B,B,B
mlvu-001479,B,B,B,B
mlvu-001480,B,B,B,B
mlvu-001481,B,B,B,B
mlvu-001482,C,C,C,C
mlvu-001483,B,B,B,B
mlvu-001484,B,B,C,C
mlvu-001485,D,D,D,D
mlvu-001486,B,B,B,C
mlvu-001487,B,B,B,B
mlvu-001488,B,B,B,B
mlvu-001489,B,B,B,B
mlvu-001490,D,D,D,D
mlvu-001491,B,B,B,B
mlvu-001492,B,B,B,B
mlvu-001493,B,B,B,B
mlvu-001494,B,B,B,B
mlvu-001495,C,C,C,C
mlvu-001496,C,B,B,B
mlvu-001497,B,B,B,B
mlvu-001498,B,B,B,B
mlvu-001499,B,B,B,B
mlvu-001500,B,D,B,D
mlvu-001501,C,C,C,C
mlvu-001502,C,C,C,C
mlvu-001503,B,B,B,B
mlvu-001504,B,B,B,B
mlvu-001505,B,B,B,B
mlvu-001506,B,B,B,B
mlvu-001507,C,D,C,D
mlvu-001508,A,A,A,A
mlvu-001509,B,B,B,B
mlvu-001510,B,B,B,D
mlvu-001511,C,C,C,C
mlvu-001512,C,B,B,C
mlvu-001513,B,B,B,B
mlvu-001514,C,C,B,B
mlvu-001515,B,B,B,B
mlvu-001516,A,A,A,A
mlvu-001517,C,C,C,C
mlvu-001518,B,B,B,B
mlvu-001519,A,B,B,A
mlvu-001520,C,C,C,C
mlvu-001521,B,B,B,B
mlvu-001522,B,B,B,B
mlvu-001523,B,B,B,B
mlvu-001524,B,B,B,B
mlvu-001525,B,B,B,B
mlvu-001526,B,B,B,B
mlvu-001527,D,D,D,D
mlvu-001528,B,B,B,C
mlvu-001529,C,C,C,C
mlvu-001530,B,B,B,C
mlvu-001531,B,B,B,B
mlvu-001532,A,A,B,A
mlvu-001533,B,B,B,B
mlvu-001534,B,B,B,B
mlvu-001535,B,B,B,D
mlvu-001536,C,B,B,B
mlvu-001537,B,B,B,B
mlvu-001538,B,B,B,B
mlvu-001539,B,B,B,B
mlvu-001540,B,D,B,D
mlvu-001541,A,A,A,C
mlvu-001542,B,B,B,D
mlvu-001543,B,B,B,B
mlvu-001544,B,A,B,B
mlvu-001545,B,B,B,B
mlvu-001546,C,C,B,D
mlvu-001547,B,B,B,B
mlvu-001548,B,B,B,B
mlvu-001549,B,B,B,B
mlvu-001550,B,B,B,C
mlvu-001551,B,B,B,B
mlvu-001552,B,B,B,B
mlvu-001553,B,B,B,B
mlvu-001554,B,C,B,B
mlvu-001555,B,B,B,B
mlvu-001556,B,C,B,B
mlvu-001557,B,B,B,C
mlvu-001558,B,B,B,B
mlvu-001559,B,B,B,C
mlvu-001560,C,C,D,D
mlvu-001561,B,B,B,B
mlvu-001562,B,B,B,C
mlvu-001563,B,B,B,C
mlvu-001564,B,B,B,B
mlvu-001565,B,B,B,B
mlvu-001566,B,B,B,B
mlvu-001567,B,C,B,B
mlvu-001568,B,C,B,C
mlvu-001569,B,B,B,B
mlvu-001570,D,B,D,D
mlvu-001571,D,D,D,D
mlvu-001572,B,B,B,B
mlvu-001573,A,A,A,A
mlvu-001574,B,B,B,B
mlvu-001575,B,B,B,B
mlvu-001576,B,B,B,B
mlvu-001577,B,B,B,A
mlvu-001578,B,B,B,B
mlvu-001579,B,B,B,B
mlvu-001580,B,B,B,B
mlvu-001581,B,B,B,B
mlvu-001582,B,B,B,B
mlvu-001583,B,B,B,B
mlvu-001584,C,C,C,D
mlvu-001585,C,C,C,C
mlvu-001586,C,C,C,C
mlvu-001587,C,C,C,C
mlvu-001588,B,B,B,C
mlvu-001589,B,B,B,B
mlvu-001590,C,C,C,C
mlvu-001591,C,C,C,D
mlvu-001592,B,B,B,B
mlvu-001593,B,B,B,B
mlvu-001594,B,B,B,B
mlvu-001595,B,B,B,B
mlvu-001596,B,B,B,B
mlvu-001597,B,B,B,B
mlvu-001598,D,B,D,D
mlvu-001599,B,B,B,C
mlvu-001600,B,B,B,B
mlvu-001601,B,B,B,B
mlvu-001602,B,B,B,C
mlvu-001603,B,B,B,B
mlvu-001604,B,B,B,B
mlvu-001605,B,B,B,C
mlvu-001606,B,B,C,C
mlvu-001607,C,C,C,B
mlvu-001608,B,B,B,C
mlvu-001609,B,B,B,B
mlvu-001610,B,B,B,D
mlvu-001611,B,B,B,B
mlvu-001612,B,B,B,B
mlvu-001613,B,B,B,B
mlvu-001614,C,C,C,C
mlvu-001615,B,B,B,B
mlvu-001616,B,B,B,B
mlvu-001617,B,B,B,B
mlvu-001618,C,D,D,D
mlvu-001619,B,B,B,B
mlvu-001620,B,B,B,B
mlvu-001621,B,B,B,B
mlvu-001622,B,B,B,B
mlvu-001623,B,B,B,B
mlvu-001624,B,C,B,B
mlvu-001625,B,B,B,B
mlvu-001626,B,B,B,B
mlvu-001627,C,C,C,C
mlvu-001628,B,B,B,C
mlvu-001629,B,B,B,B
mlvu-001630,C,C,C,C
mlvu-001631,B,B,C,C
mlvu-001632,B,B,B,B
mlvu-001633,B,B,B,B
mlvu-001634,B,B,B,B
mlvu-001635,B,B,B,B
mlvu-001636,C,C,C,C
mlvu-001637,C,C,C,C
mlvu-001638,B,B,B,B
mlvu-001639,B,B,B,B
mlvu-001640,B,B,B,B
mlvu-001641,B,B,B,B
mlvu-001642,A,A,A,A
mlvu-001643,C,C,C,C
mlvu-001644,B,B,B,B
mlvu-001645,D,D,D,B
mlvu-001646,C,C,B,B
mlvu-001647,B,B,B,B
mlvu-001648,A,B,A,A
mlvu-001649,D,C,C,C
mlvu-001650,B,B,B,B
mlvu-001651,B,B,B,C
mlvu-001652,B,B,B,B
mlvu-001653,D,D,D,D
mlvu-001654,B,B,B,B
mlvu-001655,B,B,B,B
mlvu-001656,C,B,C,C
mlvu-001657,B,B,C,C
mlvu-001658,B,B,B,B
mlvu-001659,B,B,B,B
mlvu-001660,B,B,B,B
mlvu-001661,B,B,B,C
mlvu-001662,B,C,C,C
mlvu-001663,B,B,B,B
mlvu-001664,D,C,D,D
mlvu-001665,B,B,B,B
mlvu-001666,B,B,B,C
mlvu-001667,B,B,B,B
mlvu-001668,B,B,B,B
mlvu-001669,D,B,B,B
mlvu-001670,B,B,B,B
mlvu-001671,B,B,B,B
mlvu-001672,D,D,D,D
mlvu-001673,C,C,C,C
mlvu-001674,B,B,B,B
mlvu-001675,B,B,B,B
mlvu-001676,B,B,B,B
mlvu-001677,B,B,B,D
mlvu-001678,B,B,B,B
mlvu-001679,B,B,B,B
mlvu-001680,B,B,B,B
mlvu-001681,B,B,B,D
mlvu-001682,B,B,B,C
mlvu-001683,C,D,C,C
mlvu-001684,B,B,B,B
mlvu-001685,B,B,B,D
mlvu-001686,C,C,C,D
mlvu-001687,C,C,C,C
mlvu-001688,B,B,B,B
mlvu-001689,B,B,B,B
mlvu-001690,B,B,B,B
mlvu-001691,B,A,B,D
mlvu-001692,B,B,B,B
mlvu-001693,B,B,B,B
mlvu-001694,B,B,B,C
mlvu-001695,B,B,B,B
mlvu-001696,B,B,B,B
mlvu-001697,B,B,C,C
mlvu-001698,B,B,B,B
mlvu-001699,C,C,C,C
mlvu-001700,B,C,C,D
mlvu-001701,B,B,B,B
mlvu-001702,B,B,B,B
mlvu-001703,C,C,C,B
mlvu-001704,B,B,B,B
mlvu-001705,C,C,B,C
mlvu-001706,B,B,B,D
mlvu-001707,C,C,C,A
mlvu-001708,A,A,B,A
mlvu-001709,C,C,D,D
mlvu-001710,C,C,C,A
mlvu-001711,A,C,A,C
mlvu-001712,A,A,A,A
mlvu-001713,A,A,A,A
mlvu-001714,B,B,B,B
mlvu-001715,A,A,A,A
mlvu-001716,A,A,A,A
mlvu-001717,D,C,D,A
mlvu-001718,A,A,A,A
mlvu-001719,B,B,B,B
mlvu-001720,C,D,A,A
mlvu-001721,A,A,A,A
mlvu-001722,A,A,B,A
mlvu-001723,A,A,A,C
mlvu-001724,A,A,A,A
mlvu-001725,D,D,D,A
mlvu-001726,A,A,A,A
mlvu-001727,A,A,A,A
mlvu-001728,A,A,A,A
mlvu-001729,A,A,A,A
mlvu-001730,A,A,A,A
mlvu-001731,C,A,C,A
mlvu-001732,A,D,C,A
mlvu-001733,D,D,D,D
mlvu-001734,A,A,A,A
mlvu-001735,A,A,A,A
mlvu-001736,D,D,D,A
mlvu-001737,A,A,A,A
mlvu-001738,B,B,B,B
mlvu-001739,A,A,A,A
mlvu-001740,A,A,A,A
mlvu-001741,A,A,A,A
mlvu-001742,A,A,A,A
mlvu-001743,A,A,A,A
mlvu-001744,B,B,B,B
mlvu-001745,A,A,A,A
mlvu-001746,D,D,D,A
mlvu-001747,D,D,C,A
mlvu-001748,D,D,D,A
mlvu-001749,B,D,D,A
mlvu-001750,A,A,A,A
mlvu-001751,A,A,A,A
mlvu-001752,A,A,A,A
mlvu-001753,B,B,B,B
mlvu-001754,D,D,D,A
mlvu-001755,D,D,D,A
mlvu-001756,C,C,C,C
mlvu-001757,A,A,A,B
mlvu-001758,D,D,D,D
mlvu-001759,A,A,A,A
mlvu-001760,D,D,D,D
mlvu-001761,A,A,A,A
mlvu-001762,A,A,A,A
mlvu-001763,A,A,A,A
mlvu-001764,A,A,A,A
mlvu-001765,A,A,A,A
mlvu-001766,D,D,D,A
mlvu-001767,B,B,D,A
mlvu-001768,B,D,D,A
mlvu-001769,C,C,C,C
mlvu-001770,C,C,C,C
mlvu-001771,C,C,C,C
mlvu-001772,D,D,D,A
mlvu-001773,B,B,B,B
mlvu-001774,A,A,A,A
mlvu-001775,A,A,A,A
mlvu-001776,B,B,B,B
mlvu-001777,B,B,B,B
mlvu-001778,A,A,A,C
mlvu-001779,A,A,A,A
mlvu-001780,A,A,A,A
mlvu-001781,B,B,B,B
mlvu-001782,D,D,D,D
mlvu-001783,A,A,A,A
mlvu-001784,B,B,B,B
mlvu-001785,C,C,C,C
mlvu-001786,A,A,A,A
mlvu-001787,A,A,A,C
mlvu-001788,B,B,B,A
mlvu-001789,C,C,C,C
mlvu-001790,A,A,A,A
mlvu-001791,A,A,A,A
mlvu-001792,A,A,A,A
mlvu-001793,A,A,A,A
mlvu-001794,A,A,A,A
mlvu-001795,D,D,D,A
mlvu-001796,C,C,C,C
mlvu-001797,C,C,C,A
mlvu-001798,A,A,A,A
mlvu-001799,C,C,C,C
mlvu-001800,C,C,C,A
mlvu-001801,C,D,C,A
mlvu-001802,B,B,B,B
mlvu-001803,B,B,B,B
mlvu-001804,A,A,A,A
mlvu-001805,C,C,C,C
mlvu-001806,B,B,B,A
mlvu-001807,A,A,A,A
mlvu-001808,B,C,B,A
mlvu-001809,B,D,B,A
mlvu-001810,D,A,D,A
mlvu-001811,B,B,A,A
mlvu-001812,D,D,D,D
mlvu-001813,C,A,C,A
mlvu-001814,A,A,C,A
mlvu-001815,A,B,A,B
mlvu-001816,D,D,D,D
mlvu-001817,A,A,A,A
mlvu-001818,B,B,A,A
mlvu-001819,C,C,C,C
mlvu-001820,D,C,D,A
mlvu-001821,D,D,D,D
mlvu-001822,A,A,A,A
mlvu-001823,C,C,C,A
mlvu-001824,B,B,B,A
mlvu-001825,A,A,A,A
mlvu-001826,A,A,A,A
mlvu-001827,B,B,B,A
mlvu-001828,A,B,A,A
mlvu-001829,B,D,B,A
mlvu-001830,A,A,A,A
mlvu-001831,A,A,A,B
mlvu-001832,B,B,B,B
mlvu-001833,B,B,B,A
mlvu-001834,A,A,A,A
mlvu-001835,B,B,B,A
mlvu-001836,B,D,C,A
mlvu-001837,B,A,D,A
mlvu-001838,B,B,B,B
mlvu-001839,D,D,D,D
mlvu-001840,D,D,D,D
mlvu-001841,A,A,A,A
mlvu-001842,C,C,C,A
mlvu-001843,B,B,B,B
mlvu-001844,B,B,B,B
mlvu-001845,B,B,B,A
mlvu-001846,A,B,B,A
mlvu-001847,D,D,D,A
mlvu-001848,D,D,D,A
mlvu-001849,B,B,B,A
mlvu-001850,C,C,C,C
mlvu-001851,A,A,A,A
mlvu-001852,A,A,A,A
mlvu-001853,B,B,B,B
mlvu-001854,A,A,A,A
mlvu-001855,A,A,A,A
mlvu-001856,B,A,B,A
mlvu-001857,C,C,C,C
mlvu-001858,A,A,A,A
mlvu-001859,C,C,C,A
mlvu-001860,A,A,A,A
mlvu-001861,C,C,C,C
mlvu-001862,A,A,A,A
mlvu-001863,A,D,A,A
mlvu-001864,A,A,A,A
mlvu-001865,A,A,A,A
mlvu-001866,A,A,B,A
mlvu-001867,D,D,D,A
mlvu-001868,D,D,D,D
mlvu-001869,B,B,B,A
mlvu-001870,D,D,D,D
mlvu-001871,D,D,D,D
mlvu-001872,B,B,B,A
mlvu-001873,D,D,B,A
mlvu-001874,A,A,A,A
mlvu-001875,A,A,A,A
mlvu-001876,D,D,D,D
mlvu-001877,D,D,D,D
mlvu-001878,B,B,B,A
mlvu-001879,B,B,B,B
mlvu-001880,A,A,B,A
mlvu-001881,B,B,B,B
mlvu-001882,C,C,C,A
mlvu-001883,D,D,A,A
mlvu-001884,A,A,A,A
mlvu-001885,C,C,C,A
mlvu-001886,A,A,B,A
mlvu-001887,A,A,A,A
mlvu-001888,C,C,C,C
mlvu-001889,C,C,C,A
mlvu-001890,C,C,C,A
mlvu-001891,A,A,A,A
mlvu-001892,B,B,B,A
mlvu-001893,B,B,B,A
mlvu-001894,C,C,C,A
mlvu-001895,A,A,A,A
mlvu-001896,A,A,A,A
mlvu-001897,B,B,B,B
mlvu-001898,C,C,A,C
mlvu-001899,A,C,A,A
mlvu-001900,A,A,A,A
mlvu-001901,A,A,B,A
mlvu-001902,D,D,D,A
mlvu-001903,C,C,C,C
mlvu-001904,D,D,B,D
mlvu-001905,C,C,C,C
mlvu-001906,B,B,B,A
mlvu-001907,A,A,A,A
mlvu-001908,C,C,C,A
mlvu-001909,C,C,C,A
mlvu-001910,B,B,B,A
mlvu-001911,C,C,C,A
mlvu-001912,A,A,A,A
mlvu-001913,C,A,C,A
mlvu-001914,D,D,D,A
mlvu-001915,D,D,D,A
mlvu-001916,D,D,D,C
mlvu-001917,A,A,A,A
mlvu-001918,D,D,D,D
mlvu-001919,B,B,B,A
mlvu-001920,C,C,C,C
mlvu-001921,C,C,A,A
mlvu-001922,A,A,A,A
mlvu-001923,C,C,C,C
mlvu-001924,B,B,B,A
mlvu-001925,A,A,A,B
mlvu-001926,A,B,D,A
mlvu-001927,C,C,C,C
mlvu-001928,C,C,C,A
mlvu-001929,C,C,C,A
mlvu-001930,B,B,A,A
mlvu-001931,B,B,B,A
mlvu-001932,A,A,A,A
mlvu-001933,A,A,A,A
mlvu-001934,D,D,D,A
mlvu-001935,B,B,B,A
mlvu-001936,A,B,B,B
mlvu-001937,A,A,A,A
mlvu-001938,A,A,A,C
mlvu-001939,B,B,B,B
mlvu-001940,D,D,D,D
mlvu-001941,B,B,B,A
mlvu-001942,A,A,A,A
mlvu-001943,C,C,C,D
mlvu-001944,B,B,B,D
mlvu-001945,D,D,D,A
mlvu-001946,A,A,A,A
mlvu-001947,D,D,D,C
mlvu-001948,A,C,A,A
mlvu-001949,A,C,A,C
mlvu-001950,A,A,A,A
mlvu-001951,A,D,A,A
mlvu-001952,A,A,A,A
mlvu-001953,C,C,C,C
mlvu-001954,A,A,A,A
mlvu-001955,A,A,A,D
mlvu-001956,A,A,A,A
mlvu-001957,C,C,C,A
mlvu-001958,A,A,A,A
mlvu-001959,B,B,B,B
mlvu-001960,D,D,D,A
mlvu-001961,C,C,C,A
mlvu-001962,A,A,A,A
mlvu-001963,A,A,A,A
mlvu-001964,C,B,A,D
mlvu-001965,A,A,A,B
mlvu-001966,A,A,A,A
mlvu-001967,A,A,A,A
mlvu-001968,B,A,B,A
mlvu-001969,A,A,A,A
mlvu-001970,D,B,D,C
mlvu-001971,D,D,D,D
mlvu-001972,B,B,B,D
mlvu-001973,A,A,A,A
mlvu-001974,C,C,C,A
mlvu-001975,A,A,A,A
mlvu-001976,C,C,A,A
mlvu-001977,B,C,B,C
mlvu-001978,D,D,D,A
mlvu-001979,A,A,A,B
mlvu-001980,A,A,A,A
mlvu-001981,A,A,A,A
mlvu-001982,A,A,A,A
mlvu-001983,B,B,B,B
mlvu-001984,A,A,A,A
mlvu-001985,C,C,C,A
mlvu-001986,C,C,C,C
mlvu-001987,D,D,D,A
mlvu-001988,B,B,B,B
mlvu-001989,B,B,B,B
mlvu-001990,C,C,C,A
mlvu-001991,A,A,A,A
mlvu-001992,B,B,B,A
mlvu-001993,B,B,B,B
mlvu-001994,B,B,B,C
mlvu-001995,B,C,B,D
mlvu-001996,B,B,B,A
mlvu-001997,C,C,C,C
mlvu-001998,B,B,B,A
mlvu-001999,A,A,A,A
mlvu-002000,A,A,A,A
mlvu-002001,B,C,B,A
mlvu-002002,D,D,D,A
mlvu-002003,A,A,A,A
mlvu-002004,A,A,A,A
mlvu-002005,B,B,B,A
mlvu-002006,C,C,C,A
mlvu-002007,A,A,A,D
mlvu-002008,B,B,B,B
mlvu-002009,C,C,C,A
mlvu-002010,B,B,B,A
mlvu-002011,B,B,B,A
mlvu-002012,A,A,A,A
mlvu-002013,D,D,D,D
mlvu-002014,B,B,B,A
mlvu-002015,B,B,B,A
mlvu-002016,B,B,B,A
mlvu-002017,C,C,A,A
mlvu-002018,B,B,B,A
mlvu-002019,D,D,D,D
mlvu-002020,D,D,D,A
mlvu-002021,A,A,A,A
mlvu-002022,B,B,B,B
mlvu-002023,A,C,C,A
mlvu-002024,A,A,A,B
mlvu-002025,B,B,B,B
mlvu-002026,A,A,A,A
mlvu-002027,B,B,B,D
mlvu-002028,C,C,C,C
mlvu-002029,B,B,B,A
mlvu-002030,C,C,C,A
mlvu-002031,C,C,C,B
mlvu-002032,A,C,C,A
mlvu-002033,B,B,B,A
mlvu-002034,B,B,B,B
mlvu-002035,C,C,C,A
mlvu-002036,B,B,B,A
mlvu-002037,B,B,B,B
mlvu-002038,C,C,C,A
mlvu-002039,A,A,A,A
mlvu-002040,A,A,A,A
mlvu-002041,A,A,A,A
mlvu-002042,B,B,B,B
mlvu-002043,B,B,A,B
mlvu-002044,A,A,A,A
mlvu-002045,A,A,A,B
mlvu-002046,A,A,A,C
mlvu-002047,B,B,B,A
mlvu-002048,D,D,D,A
mlvu-002049,B,D,B,A
mlvu-002050,C,C,C,B
mlvu-002051,C,C,C,C
mlvu-002052,A,A,A,C
mlvu-002053,D,D,D,C
mlvu-002054,C,C,C,D
mlvu-002055,A,A,A,A
mlvu-002056,A,A,A,B
mlvu-002057,B,A,D,C
mlvu-002058,A,A,A,B
mlvu-002059,C,C,C,C
mlvu-002060,D,D,D,A
mlvu-002061,D,D,D,A
mlvu-002062,B,B,B,B
mlvu-002063,A,A,C,A
mlvu-002064,A,A,A,A
mlvu-002065,D,D,D,A
mlvu-002066,C,C,C,A
mlvu-002067,C,D,B,B
mlvu-002068,A,A,A,B
mlvu-002069,A,A,A,A
mlvu-002070,B,B,B,B
mlvu-002071,A,A,A,A
mlvu-002072,C,C,C,B
mlvu-002073,A,A,D,A
mlvu-002074,B,A,B,B
mlvu-002075,A,A,A,A
mlvu-002076,D,D,D,A
mlvu-002077,A,D,A,A
mlvu-002078,A,A,A,A
mlvu-002079,C,C,C,C
mlvu-002080,A,C,C,A
mlvu-002081,C,C,C,A
mlvu-002082,B,B,B,A
mlvu-002083,C,C,C,C
mlvu-002084,B,B,B,B
mlvu-002085,B,B,B,B
mlvu-002086,B,B,B,C
mlvu-002087,D,D,D,A
mlvu-002088,A,A,A,A
mlvu-002089,C,C,C,C
mlvu-002090,D,D,D,D
mlvu-002091,A,A,A,A
mlvu-002092,A,A,A,D
mlvu-002093,C,C,B,C
mlvu-002094,D,D,D,A
mlvu-002095,A,A,A,A
mlvu-002096,A,A,A,B
mlvu-002097,B,C,C,A
mlvu-002098,C,C,C,B
mlvu-002099,A,A,A,B
mlvu-002100,D,D,D,B
mlvu-002101,B,B,B,A
mlvu-002102,B,B,B,D
mlvu-002103,C,C,C,A
mlvu-002104,D,D,D,A
mlvu-002105,B,B,B,C
mlvu-002106,C,C,C,C
mlvu-002107,B,B,B,B
mlvu-002108,D,D,D,A
mlvu-002109,C,D,D,A
mlvu-002110,C,C,C,A
mlvu-002111,C,D,D,C
mlvu-002112,B,B,A,C
mlvu-002113,B,B,B,A
mlvu-002114,C,C,C,A
mlvu-002115,C,C,C,C
mlvu-002116,A,A,A,A
mlvu-002117,B,B,B,A
mlvu-002118,D,D,C,A
mlvu-002119,B,B,B,A
mlvu-002120,D,D,A,C
mlvu-002121,A,A,A,B
mlvu-002122,B,B,B,D
mlvu-002123,D,D,D,A
mlvu-002124,A,A,A,A
mlvu-002125,D,D,D,A
mlvu-002126,C,C,C,D
mlvu-002127,A,A,A,A
mlvu-002128,D,D,D,B
mlvu-002129,A,A,A,D
mlvu-002130,C,C,C,C
mlvu-002131,D,C,C,A
mlvu-002132,B,B,B,A
mlvu-002133,A,A,A,A
mlvu-002134,D,D,D,A
mlvu-002135,B,B,B,B
mlvu-002136,B,B,B,B
mlvu-002137,A,A,A,A
mlvu-002138,D,D,A,A
mlvu-002139,A,A,A,A
mlvu-002140,B,B,B,B
mlvu-002141,A,A,A,A
mlvu-002142,D,D,B,A
mlvu-002143,C,C,C,B
mlvu-002144,C,C,C,C
mlvu-002145,B,B,B,A
mlvu-002146,B,B,B,B
mlvu-002147,B,B,B,D
mlvu-002148,D,D,D,A
mlvu-002149,C,C,C,D
mlvu-002150,A,A,A,A
mlvu-002151,B,B,B,D
mlvu-002152,A,C,C,A
mlvu-002153,A,A,A,B
mlvu-002154,B,A,B,C
mlvu-002155,A,A,A,D
mlvu-002156,B,B,B,C
mlvu-002157,A,A,A,A
mlvu-002158,A,A,A,D
mlvu-002159,A,A,A,C
mlvu-002160,A,A,A,D
mlvu-002161,A,A,B,A
mlvu-002162,B,A,B,B
mlvu-002163,D,D,D,C
mlvu-002164,B,B,C,B
mlvu-002165,D,D,A,C
mlvu-002166,A,A,A,B
mlvu-002167,D,D,B,B
mlvu-002168,A,A,A,A
mlvu-002169,B,B,B,A
