sample_id,128f_151k,16f_151k,32f_151k,64f_151k,textonly
mlvu-000000,A,A,A,A,D
mlvu-000001,D,D,C,D,C
mlvu-000002,D,C,B,C,B
mlvu-000003,A,A,A,A,A
mlvu-000004,D,D,B,D,D
mlvu-000005,B,B,B,B,A
mlvu-000006,C,C,C,C,C
mlvu-000007,D,D,D,D,D
mlvu-000008,B,B,B,B,C
mlvu-000009,A,A,A,A,A
mlvu-000010,B,D,B,B,D
mlvu-000011,B,B,B,B,D
mlvu-000012,C,C,C,C,C
mlvu-000013,B,B,B,B,B
mlvu-000014,B,B,B,C,C
mlvu-000015,A,A,A,A,A
mlvu-000016,C,C,C,C,C
mlvu-000017,C,C,C,C,B
mlvu-000018,C,D,C,C,C
mlvu-000019,A,A,A,A,A
mlvu-000020,B,B,B,B,C
mlvu-000021,D,C,D,D,B
mlvu-000022,C,D,D,C,D
mlvu-000023,B,A,B,B,B
mlvu-000024,A,A,A,A,A
mlvu-000025,D,D,D,D,C
mlvu-000026,B,A,A,B,C
mlvu-000027,C,D,A,D,D
mlvu-000028,A,A,A,A,A
mlvu-000029,B,C,C,B,A
mlvu-000030,C,C,C,C,C
mlvu-000031,A,B,B,A,B
mlvu-000032,C,C,C,C,C
mlvu-000033,B,B,B,B,B
mlvu-000034,D,D,D,D,D
mlvu-000035,A,C,A,A,A
mlvu-000036,B,B,B,B,B
mlvu-000037,A,C,B,C,C
mlvu-000038,A,A,A,A,D
mlvu-000039,B,B,B,B,A
mlvu-000040,C,C,C,C,C
mlvu-000041,B,B,B,B,B
mlvu-000042,C,C,C,C,C
mlvu-000043,C,C,C,C,A
mlvu-000044,D,D,D,D,D
mlvu-000045,D,D,D,D,D
mlvu-000046,C,C,C,C,D
mlvu-000047,C,B,C,C,D
mlvu-000048,B,B,B,B,B
mlvu-000049,B,C,C,B,C
mlvu-000050,A,C,A,A,A
mlvu-000051,A,A,A,A,A
mlvu-000052,C,D,D,C,D
mlvu-000053,B,C,B,B,D
mlvu-000054,D,B,C,D,B
mlvu-000055,D,D,D,D,D
mlvu-000056,B,B,B,B,A
mlvu-000057,D,D,D,D,D
mlvu-000058,A,B,A,A,A
mlvu-000059,D,B,D,D,D
mlvu-000060,B,B,B,B,B
mlvu-000061,B,B,C,B,B
mlvu-000062,D,D,D,D,D
mlvu-000063,D,D,D,D,D
mlvu-000064,C,C,C,C,C
mlvu-000065,B,D,B,B,B
mlvu-000066,B,B,B,B,B
mlvu-000067,C,C,C,B,C
mlvu-000068,A,A,A,B,D
mlvu-000069,C,C,D,C,D
mlvu-000070,B,B,D,B,B
mlvu-000071,A,A,A,A,A
mlvu-000072,C,C,C,C,C
mlvu-000073,B,B,B,C,C
mlvu-000074,C,B,C,C,B
mlvu-000075,C,B,C,D,D
mlvu-000076,C,C,C,C,C
mlvu-000077,C,B,B,C,C
mlvu-000078,B,B,B,B,B
mlvu-000079,C,D,D,D,D
mlvu-000080,B,B,B,B,B
mlvu-000081,C,C,D,D,A
mlvu-000082,D,D,D,D,C
mlvu-000083,A,C,A,A,D
mlvu-000084,B,B,C,C,A
mlvu-000085,C,C,C,C,A
mlvu-000086,A,B,B,B,B
mlvu-000087,B,B,B,B,D
mlvu-000088,A,C,C,A,B
mlvu-000089,B,B,B,B,B
mlvu-000090,A,D,D,D,A
mlvu-000091,A,C,A,A,B
mlvu-000092,A,D,D,A,A
mlvu-000093,D,D,D,D,D
mlvu-000094,B,B,B,B,C
mlvu-000095,D,D,D,D,D
mlvu-000096,D,D,D,D,D
mlvu-000097,B,B,B,B,B
mlvu-000098,C,D,D,C,A
mlvu-000099,A,A,B,A,A
mlvu-000100,B,B,B,B,B
mlvu-000101,C,B,C,C,B
mlvu-000102,D,D,D,D,A
mlvu-000103,D,D,D,D,D
mlvu-000104,A,D,C,A,C
mlvu-000105,A,A,A,A,A
mlvu-000106,B,C,C,C,B
mlvu-000107,A,A,A,A,A
mlvu-000108,B,B,B,B,B
mlvu-000109,B,B,B,B,A
mlvu-000110,B,B,B,B,B
mlvu-000111,B,C,B,C,A
mlvu-000112,D,D,D,D,D
mlvu-000113,C,A,C,C,C
mlvu-000114,C,B,C,C,B
mlvu-000115,C,C,C,C,C
mlvu-000116,D,D,D,D,B
mlvu-000117,D,D,D,D,D
mlvu-000118,C,C,A,C,C
mlvu-000119,C,C,C,C,C
mlvu-000120,C,C,C,C,B
mlvu-000121,B,B,B,B,B
mlvu-000122,D,D,D,D,D
mlvu-000123,B,B,B,C,D
mlvu-000124,B,B,B,B,C
mlvu-000125,B,B,B,B,B
mlvu-000126,B,B,B,B,B
mlvu-000127,D,D,D,D,B
mlvu-000128,A,C,C,C,A
mlvu-000129,B,C,C,C,B
mlvu-000130,B,C,C,A,C
mlvu-000131,B,B,B,B,B
mlvu-000132,D,D,D,D,D
mlvu-000133,D,C,D,D,A
mlvu-000134,B,B,B,B,B
mlvu-000135,C,D,C,C,C
mlvu-000136,D,D,A,A,A
mlvu-000137,B,B,B,B,B
mlvu-000138,D,D,B,C,B
mlvu-000139,B,B,B,B,B
mlvu-000140,A,A,A,A,A
mlvu-000141,B,B,B,B,A
mlvu-000142,D,D,D,D,D
mlvu-000143,C,C,C,C,C
mlvu-000144,C,C,C,C,C
mlvu-000145,A,A,A,A,D
mlvu-000146,A,A,A,A,A
mlvu-000147,C,A,A,A,C
mlvu-000148,C,C,C,C,C
mlvu-000149,A,C,A,A,D
mlvu-000150,C,C,C,C,C
mlvu-000151,D,C,D,C,D
mlvu-000152,C,D,A,D,D
mlvu-000153,B,B,B,B,D
mlvu-000154,B,B,B,B,B
mlvu-000155,B,B,B,B,D
mlvu-000156,C,C,A,C,B
mlvu-000157,D,D,D,D,B
mlvu-000158,B,B,A,A,D
mlvu-000159,C,C,C,C,C
mlvu-000160,C,D,D,D,D
mlvu-000161,C,A,C,A,A
mlvu-000162,B,C,B,B,B
mlvu-000163,C,C,C,C,C
mlvu-000164,B,B,B,B,B
mlvu-000165,C,C,C,C,C
mlvu-000166,A,A,A,A,C
mlvu-000167,C,C,C,C,B
mlvu-000168,D,D,D,D,B
mlvu-000169,B,B,B,B,C
mlvu-000170,C,C,C,C,C
mlvu-000171,A,A,A,D,A
mlvu-000172,C,C,C,C,C
mlvu-000173,A,C,C,C,D
mlvu-000174,A,C,A,A,C
mlvu-000175,B,B,B,B,B
mlvu-000176,C,C,C,C,A
mlvu-000177,C,C,C,C,C
mlvu-000178,A,A,A,A,C
mlvu-000179,D,D,D,D,D
mlvu-000180,C,C,C,C,B
mlvu-000181,B,D,D,B,D
mlvu-000182,A,C,D,C,C
mlvu-000183,A,A,A,A,C
mlvu-000184,D,D,D,D,D
mlvu-000185,C,B,C,C,B
mlvu-000186,D,D,D,D,D
mlvu-000187,A,A,A,A,A
mlvu-000188,C,B,B,A,A
mlvu-000189,B,B,D,B,B
mlvu-000190,D,B,A,A,B
mlvu-000191,A,A,A,A,D
mlvu-000192,B,B,B,C,C
mlvu-000193,B,B,B,B,B
mlvu-000194,C,B,B,B,B
mlvu-000195,C,D,B,D,D
mlvu-000196,D,D,D,B,D
mlvu-000197,B,B,D,B,C
mlvu-000198,C,C,C,C,C
mlvu-000199,B,B,A,B,B
mlvu-000200,D,C,C,C,C
mlvu-000201,D,A,D,D,B
mlvu-000202,A,A,C,C,A
mlvu-000203,B,B,B,B,A
mlvu-000204,C,A,A,C,A
mlvu-000205,C,A,C,A,C
mlvu-000206,B,B,B,B,A
mlvu-000207,C,C,C,C,B
mlvu-000208,D,D,A,A,D
mlvu-000209,D,D,D,D,D
mlvu-000210,B,B,B,B,B
mlvu-000211,A,A,A,A,A
mlvu-000212,C,C,C,C,C
mlvu-000213,C,C,C,C,C
mlvu-000214,B,B,B,C,B
mlvu-000215,B,B,B,B,A
mlvu-000216,C,C,C,C,D
mlvu-000217,D,D,A,D,B
mlvu-000218,C,C,C,C,D
mlvu-000219,A,D,C,A,D
mlvu-000220,B,C,B,B,C
mlvu-000221,C,C,C,C,A
mlvu-000222,C,C,A,C,C
mlvu-000223,C,A,A,A,C
mlvu-000224,C,C,C,C,C
mlvu-000225,B,B,B,B,B
mlvu-000226,D,C,D,D,D
mlvu-000227,C,D,C,C,C
mlvu-000228,A,A,A,A,A
mlvu-000229,B,B,B,B,B
mlvu-000230,B,B,B,B,A
mlvu-000231,C,C,C,C,C
mlvu-000232,C,C,C,C,C
mlvu-000233,C,C,D,C,C
mlvu-000234,D,A,A,D,D
mlvu-000235,A,A,A,A,A
mlvu-000236,C,C,C,C,A
mlvu-000237,B,B,B,B,C
mlvu-000238,B,B,B,B,B
mlvu-000239,A,A,A,A,A
mlvu-000240,C,C,C,C,C
mlvu-000241,C,C,C,C,B
mlvu-000242,C,C,C,B,C
mlvu-000243,A,A,D,A,A
mlvu-000244,B,B,D,B,D
mlvu-000245,B,C,C,B,C
mlvu-000246,D,C,B,B,C
mlvu-000247,D,C,D,D,D
mlvu-000248,A,A,A,A,A
mlvu-000249,B,B,C,C,A
mlvu-000250,B,C,C,B,C
mlvu-000251,D,D,D,D,D
mlvu-000252,B,B,B,B,C
mlvu-000253,A,C,C,A,C
mlvu-000254,A,D,A,A,A
mlvu-000255,B,B,B,B,B
mlvu-000256,A,A,A,D,A
mlvu-000257,C,C,B,C,D
mlvu-000258,A,D,B,B,D
mlvu-000259,A,A,A,A,A
mlvu-000260,C,C,C,C,C
mlvu-000261,B,B,B,B,B
mlvu-000262,A,A,A,A,A
mlvu-000263,A,C,B,C,C
mlvu-000264,D,D,D,D,D
mlvu-000265,C,A,A,A,A
mlvu-000266,A,B,A,A,A
mlvu-000267,B,B,B,B,B
mlvu-000268,B,B,B,B,B
mlvu-000269,C,C,C,C,C
mlvu-000270,B,B,B,B,B
mlvu-000271,B,D,B,D,D
mlvu-000272,B,D,B,A,A
mlvu-000273,B,C,B,C,C
mlvu-000274,D,D,D,D,D
mlvu-000275,D,D,D,D,D
mlvu-000276,B,D,B,B,D
mlvu-000277,D,D,D,D,A
mlvu-000278,B,D,D,B,B
mlvu-000279,C,B,C,C,D
mlvu-000280,A,A,A,B,A
mlvu-000281,D,D,D,D,D
mlvu-000282,D,D,C,C,C
mlvu-000283,D,D,D,D,D
mlvu-000284,C,D,C,C,D
mlvu-000285,C,C,C,C,B
mlvu-000286,C,C,C,C,B
mlvu-000287,D,B,A,D,A
mlvu-000288,D,C,B,B,C
mlvu-000289,C,C,C,C,B
mlvu-000290,D,A,C,C,C
mlvu-000291,A,D,B,B,D
mlvu-000292,C,C,C,C,C
mlvu-000293,A,C,C,C,B
mlvu-000294,D,D,D,D,D
mlvu-000295,D,D,D,D,B
mlvu-000296,B,B,B,B,B
mlvu-000297,D,D,D,D,D
mlvu-000298,A,B,A,A,B
mlvu-000299,B,B,B,B,B
mlvu-000300,A,C,D,A,A
mlvu-000301,D,C,C,C,D
mlvu-000302,B,C,B,B,D
mlvu-000303,D,D,D,D,D
mlvu-000304,D,D,D,D,D
mlvu-000305,C,B,B,C,C
mlvu-000306,A,A,C,A,C
mlvu-000307,B,D,A,B,D
mlvu-000308,D,A,D,D,D
mlvu-000309,D,D,D,D,B
mlvu-000310,A,B,A,C,B
mlvu-000311,A,B,A,B,A
mlvu-000312,C,C,C,C,C
mlvu-000313,A,A,A,A,A
mlvu-000314,B,A,B,B,B
mlvu-000315,B,B,B,B,B
mlvu-000316,C,C,C,C,C
mlvu-000317,A,B,B,A,A
mlvu-000318,C,C,B,C,B
mlvu-000319,D,B,B,C,B
mlvu-000320,A,A,C,A,A
mlvu-000321,C,B,B,C,B
mlvu-000322,A,A,A,A,D
mlvu-000323,B,B,B,B,B
mlvu-000324,B,B,B,D,B
mlvu-000325,A,A,A,A,A
mlvu-000326,A,C,A,A,A
mlvu-000327,C,C,C,C,C
mlvu-000328,B,B,B,B,D
mlvu-000329,B,C,C,B,C
mlvu-000330,A,C,A,A,D
mlvu-000331,C,C,C,C,C
mlvu-000332,B,D,B,B,D
mlvu-000333,D,D,D,C,C
mlvu-000334,B,B,B,B,B
mlvu-000335,B,B,B,B,B
mlvu-000336,C,C,C,C,C
mlvu-000337,A,A,A,A,A
mlvu-000338,B,D,D,B,D
mlvu-000339,B,C,D,B,C
mlvu-000340,D,D,D,D,D
mlvu-000341,B,B,B,B,B
mlvu-000342,C,C,C,C,B
mlvu-000343,D,D,D,D,D
mlvu-000344,A,A,A,A,A
mlvu-000345,A,A,A,B,A
mlvu-000346,B,B,B,B,B
mlvu-000347,A,A,A,A,D
mlvu-000348,B,B,B,B,B
mlvu-000349,B,B,B,B,C
mlvu-000350,A,A,C,A,D
mlvu-000351,D,B,D,A,D
mlvu-000352,D,C,C,C,C
mlvu-000353,A,A,A,A,C
mlvu-000354,C,C,C,C,A
mlvu-000355,D,B,B,B,C
mlvu-000356,D,D,D,D,D
mlvu-000357,D,D,D,C,D
mlvu-000358,D,D,D,D,D
mlvu-000359,D,D,B,D,B
mlvu-000360,B,B,A,B,D
mlvu-000361,C,D,C,B,D
mlvu-000362,D,C,D,D,D
mlvu-000363,D,D,D,D,A
mlvu-000364,B,B,B,B,A
mlvu-000365,A,A,A,A,A
mlvu-000366,C,C,B,A,D
mlvu-000367,C,A,C,C,A
mlvu-000368,A,C,A,B,A
mlvu-000369,B,A,D,D,D
mlvu-000370,D,C,C,D,D
mlvu-000371,C,C,C,C,C
mlvu-000372,C,D,C,D,D
mlvu-000373,A,A,A,C,A
mlvu-000374,A,A,A,A,A
mlvu-000375,C,C,C,C,D
mlvu-000376,D,D,D,D,D
mlvu-000377,C,C,B,A,C
mlvu-000378,B,D,D,D,D
mlvu-000379,D,D,D,D,D
mlvu-000380,A,A,D,D,C
mlvu-000381,C,C,C,C,C
mlvu-000382,B,B,B,B,B
mlvu-000383,B,B,B,B,B
mlvu-000384,D,D,D,D,D
mlvu-000385,B,B,A,B,A
mlvu-000386,A,A,A,A,A
mlvu-000387,D,D,D,D,D
mlvu-000388,A,A,A,A,A
mlvu-000389,C,C,C,C,C
mlvu-000390,B,A,B,B,D
mlvu-000391,B,B,B,B,A
mlvu-000392,A,D,A,A,D
mlvu-000393,C,C,C,C,C
mlvu-000394,A,C,A,C,C
mlvu-000395,B,A,A,A,B
mlvu-000396,A,D,A,A,D
mlvu-000397,C,C,C,C,D
mlvu-000398,D,D,D,D,C
mlvu-000399,C,C,C,C,C
mlvu-000400,B,B,B,B,B
mlvu-000401,B,B,B,B,A
mlvu-000402,D,D,D,D,D
mlvu-000403,C,B,B,B,D
mlvu-000404,C,D,A,D,D
mlvu-000405,C,C,C,C,C
mlvu-000406,B,B,B,B,B
mlvu-000407,D,D,D,D,D
mlvu-000408,A,C,A,A,A
mlvu-000409,B,A,A,B,B
mlvu-000410,C,C,C,C,C
mlvu-000411,B,B,C,B,D
mlvu-000412,D,D,D,D,D
mlvu-000413,C,C,C,D,C
mlvu-000414,D,D,D,D,D
mlvu-000415,C,C,C,C,C
mlvu-000416,B,B,B,B,D
mlvu-000417,B,B,D,D,D
mlvu-000418,D,D,D,B,D
mlvu-000419,B,D,B,D,D
mlvu-000420,A,A,A,A,A
mlvu-000421,D,D,D,D,D
mlvu-000422,D,D,C,D,D
mlvu-000423,C,C,C,C,C
mlvu-000424,D,B,C,D,B
mlvu-000425,D,C,D,D,C
mlvu-000426,A,A,A,A,D
mlvu-000427,D,D,D,D,D
mlvu-000428,D,B,B,B,B
mlvu-000429,C,C,C,C,C
mlvu-000430,C,A,A,A,A
mlvu-000431,C,C,C,A,D
mlvu-000432,C,A,C,C,C
mlvu-000433,D,C,C,C,C
mlvu-000434,C,C,C,C,C
mlvu-000435,B,C,C,B,B
mlvu-000436,C,C,C,C,D
mlvu-000437,B,B,C,B,B
mlvu-000438,B,B,B,B,B
mlvu-000439,B,B,B,B,B
mlvu-000440,D,D,D,D,A
mlvu-000441,C,C,C,C,C
mlvu-000442,A,A,A,A,B
mlvu-000443,C,C,C,B,C
mlvu-000444,A,A,A,A,C
mlvu-000445,D,D,D,D,D
mlvu-000446,D,D,D,D,C
mlvu-000447,A,A,A,A,A
mlvu-000448,A,A,A,A,B
mlvu-000449,D,D,D,D,D
mlvu-000450,D,D,B,A,C
mlvu-000451,B,B,B,C,A
mlvu-000452,A,A,A,A,A
mlvu-000453,D,D,D,D,D
mlvu-000454,A,A,A,A,A
mlvu-000455,C,A,B,B,A
mlvu-000456,A,A,A,A,A
mlvu-000457,A,C,A,C,A
mlvu-000458,B,B,B,B,C
mlvu-000459,C,C,C,C,C
mlvu-000460,A,B,A,A,D
mlvu-000461,A,D,A,A,D
mlvu-000462,D,C,D,D,D
mlvu-000463,C,C,C,C,C
mlvu-000464,D,D,D,C,B
mlvu-000465,C,C,C,C,C
mlvu-000466,D,D,D,D,D
mlvu-000467,A,D,A,A,D
mlvu-000468,B,C,B,B,B
mlvu-000469,B,B,C,B,B
mlvu-000470,C,C,C,C,C
mlvu-000471,A,A,A,A,A
mlvu-000472,B,B,B,B,B
mlvu-000473,C,C,C,C,C
mlvu-000474,D,D,D,D,D
mlvu-000475,C,C,C,C,C
mlvu-000476,D,D,D,D,D
mlvu-000477,D,D,D,D,D
mlvu-000478,D,D,D,D,D
mlvu-000479,A,A,A,A,A
mlvu-000480,D,B,B,B,D
mlvu-000481,C,C,C,B,D
mlvu-000482,D,C,D,D,C
mlvu-000483,D,C,C,C,A
mlvu-000484,D,D,D,D,D
mlvu-000485,D,D,D,D,D
mlvu-000486,C,D,D,D,D
mlvu-000487,A,B,A,B,B
mlvu-000488,A,A,A,A,D
mlvu-000489,C,C,C,C,C
mlvu-000490,B,B,B,B,B
mlvu-000491,B,B,B,B,B
mlvu-000492,D,D,B,D,D
mlvu-000493,D,D,D,D,D
mlvu-000494,C,C,C,C,C
mlvu-000495,B,B,B,B,B
mlvu-000496,B,B,B,B,A
mlvu-000497,A,A,A,A,A
mlvu-000498,D,D,A,D,D
mlvu-000499,C,B,B,C,D
mlvu-000500,A,A,A,A,D
mlvu-000501,C,C,C,B,A
mlvu-000502,D,D,D,D,D
mlvu-000503,B,B,B,A,C
mlvu-000504,B,B,B,B,B
mlvu-000505,B,B,B,B,A
mlvu-000506,D,D,D,C,D
mlvu-000507,C,B,C,B,D
mlvu-000508,A,A,A,B,A
mlvu-000509,C,C,C,C,C
mlvu-000510,C,C,C,C,C
mlvu-000511,B,B,A,B,B
mlvu-000512,C,C,C,C,C
mlvu-000513,A,B,B,B,B
mlvu-000514,C,C,C,C,C
mlvu-000515,B,C,B,C,C
mlvu-000516,B,B,B,B,D
mlvu-000517,D,D,D,D,D
mlvu-000518,C,D,C,C,D
mlvu-000519,A,A,A,A,A
mlvu-000520,C,C,C,C,C
mlvu-000521,A,C,A,A,A
mlvu-000522,D,D,C,C,C
mlvu-000523,A,A,A,A,A
mlvu-000524,C,C,C,C,C
mlvu-000525,A,A,A,A,A
mlvu-000526,D,A,A,B,B
mlvu-000527,B,B,B,B,B
mlvu-000528,D,D,D,D,D
mlvu-000529,A,B,B,B,D
mlvu-000530,C,C,C,C,C
mlvu-000531,A,A,A,A,A
mlvu-000532,B,B,A,B,D
mlvu-000533,B,B,B,B,B
mlvu-000534,D,D,D,D,D
mlvu-000535,A,A,A,A,D
mlvu-000536,C,C,C,C,B
mlvu-000537,D,C,C,A,D
mlvu-000538,B,B,B,B,D
mlvu-000539,C,B,C,B,D
mlvu-000540,D,D,D,D,C
mlvu-000541,A,C,C,A,C
mlvu-000542,C,A,C,C,C
mlvu-000543,D,D,D,D,D
mlvu-000544,D,D,D,D,D
mlvu-000545,B,B,B,B,B
mlvu-000546,B,B,B,B,B
mlvu-000547,B,B,B,D,B
mlvu-000548,C,C,C,C,C
mlvu-000549,D,D,D,C,A
mlvu-000550,B,B,A,B,B
mlvu-000551,B,B,B,B,B
mlvu-000552,A,A,A,A,A
mlvu-000553,C,D,B,C,B
mlvu-000554,C,C,C,C,B
mlvu-000555,D,D,D,D,D
mlvu-000556,B,A,B,B,B
mlvu-000557,C,B,B,C,C
mlvu-000558,D,C,D,D,C
mlvu-000559,C,C,C,C,D
mlvu-000560,D,D,D,D,D
mlvu-000561,C,C,C,C,C
mlvu-000562,A,A,A,A,A
mlvu-000563,C,C,C,C,C
mlvu-000564,A,A,A,A,A
mlvu-000565,C,C,C,C,C
mlvu-000566,C,B,C,C,D
mlvu-000567,B,B,B,B,C
mlvu-000568,A,A,A,B,B
mlvu-000569,A,A,A,A,A
mlvu-000570,C,A,C,C,A
mlvu-000571,C,C,C,C,A
mlvu-000572,A,C,A,A,A
mlvu-000573,D,D,D,D,D
mlvu-000574,A,A,A,A,A
mlvu-000575,D,D,D,D,D
mlvu-000576,C,C,C,C,B
mlvu-000577,B,B,B,B,B
mlvu-000578,D,D,D,D,D
mlvu-000579,D,B,B,D,B
mlvu-000580,B,B,B,B,C
mlvu-000581,D,D,A,B,A
mlvu-000582,D,D,D,D,A
mlvu-000583,B,D,B,B,D
mlvu-000584,B,B,B,B,B
mlvu-000585,A,A,A,A,A
mlvu-000586,B,B,B,B,B
mlvu-000587,C,C,C,C,C
mlvu-000588,A,B,B,C,A
mlvu-000589,C,C,C,C,C
mlvu-000590,A,D,C,A,D
mlvu-000591,B,D,D,D,D
mlvu-000592,A,A,A,A,A
mlvu-000593,B,B,B,B,B
mlvu-000594,A,A,A,A,A
mlvu-000595,D,D,D,D,D
mlvu-000596,C,C,C,C,C
mlvu-000597,A,A,A,A,A
mlvu-000598,C,C,C,C,C
mlvu-000599,B,B,B,B,B
mlvu-000600,B,B,B,B,B
mlvu-000601,A,A,C,C,C
mlvu-000602,D,C,D,C,D
mlvu-000603,A,A,A,C,A
mlvu-000604,D,D,A,A,D
mlvu-000605,C,C,C,C,C
mlvu-000606,A,A,A,A,A
mlvu-000607,D,C,D,D,B
mlvu-000608,C,C,C,C,B
mlvu-000609,D,D,D,D,D
mlvu-000610,A,B,A,A,A
mlvu-000611,B,B,B,B,C
mlvu-000612,B,B,B,B,B
mlvu-000613,D,D,D,D,D
mlvu-000614,C,A,A,C,A
mlvu-000615,B,C,A,B,B
mlvu-000616,A,A,A,A,A
mlvu-000617,C,C,C,C,A
mlvu-000618,B,A,B,A,B
mlvu-000619,C,A,D,D,C
mlvu-000620,A,C,C,C,C
mlvu-000621,B,B,B,B,B
mlvu-000622,A,A,A,A,A
mlvu-000623,A,A,A,A,A
mlvu-000624,A,B,A,A,B
mlvu-000625,A,C,A,A,C
mlvu-000626,D,D,D,D,D
mlvu-000627,A,A,A,A,A
mlvu-000628,A,C,A,A,A
mlvu-000629,C,C,C,C,C
mlvu-000630,A,A,A,A,A
mlvu-000631,D,D,D,D,D
mlvu-000632,C,C,C,C,C
mlvu-000633,A,A,A,A,A
mlvu-000634,C,C,C,B,B
mlvu-000635,D,C,C,C,C
mlvu-000636,B,B,B,B,B
mlvu-000637,A,B,A,A,B
mlvu-000638,A,A,A,A,A
mlvu-000639,C,C,C,C,A
mlvu-000640,D,C,A,D,C
mlvu-000641,D,C,C,D,D
mlvu-000642,C,C,C,C,C
mlvu-000643,B,A,C,C,A
mlvu-000644,A,A,A,A,A
mlvu-000645,C,C,C,C,A
mlvu-000646,A,D,A,A,B
mlvu-000647,D,D,A,A,A
mlvu-000648,C,C,C,C,C
mlvu-000649,B,D,B,D,D
mlvu-000650,B,B,B,B,B
mlvu-000651,D,D,D,D,D
mlvu-000652,A,D,D,A,D
mlvu-000653,A,A,D,A,A
mlvu-000654,D,D,D,D,A
mlvu-000655,B,B,B,B,B
mlvu-000656,A,A,A,A,A
mlvu-000657,D,D,D,D,D
mlvu-000658,A,A,A,A,A
mlvu-000659,B,B,B,B,B
mlvu-000660,D,D,D,D,A
mlvu-000661,A,A,A,A,A
mlvu-000662,B,B,B,B,C
mlvu-000663,C,C,C,C,B
mlvu-000664,D,D,D,D,D
mlvu-000665,C,D,D,D,D
mlvu-000666,A,A,A,A,A
mlvu-000667,D,D,D,D,D
mlvu-000668,A,D,A,A,B
mlvu-000669,D,D,D,D,D
mlvu-000670,B,B,B,B,A
mlvu-000671,B,B,B,B,B
mlvu-000672,A,A,A,C,D
mlvu-000673,C,B,C,C,C
mlvu-000674,C,C,C,C,C
mlvu-000675,A,A,A,A,A
mlvu-000676,A,B,B,A,A
mlvu-000677,D,D,D,D,D
mlvu-000678,A,A,A,A,A
mlvu-000679,D,D,D,D,D
mlvu-000680,D,A,D,A,D
mlvu-000681,B,D,B,B,D
mlvu-000682,B,B,B,B,B
mlvu-000683,C,B,B,B,B
mlvu-000684,A,A,A,A,A
mlvu-000685,C,C,C,C,C
mlvu-000686,C,C,C,C,C
mlvu-000687,A,A,A,A,A
mlvu-000688,B,B,B,B,B
mlvu-000689,B,C,B,B,C
mlvu-000690,D,D,D,D,D
mlvu-000691,B,D,B,B,D
mlvu-000692,A,A,A,A,A
mlvu-000693,D,B,D,B,D
mlvu-000694,C,A,C,C,A
mlvu-000695,D,D,D,D,D
mlvu-000696,C,C,C,C,B
mlvu-000697,D,D,D,D,D
mlvu-000698,C,B,C,C,C
mlvu-000699,C,C,C,C,C
mlvu-000700,B,B,B,B,C
mlvu-000701,B,B,B,B,B
mlvu-000702,C,C,C,C,C
mlvu-000703,B,D,D,D,D
mlvu-000704,D,D,D,D,D
mlvu-000705,C,C,C,C,C
mlvu-000706,B,C,C,C,C
mlvu-000707,C,C,C,A,C
mlvu-000708,B,B,B,B,B
mlvu-000709,C,C,C,C,C
mlvu-000710,C,C,C,C,C
mlvu-000711,B,C,B,B,B
mlvu-000712,A,A,A,A,A
mlvu-000713,A,A,A,A,A
mlvu-000714,C,B,C,B,B
mlvu-000715,C,C,B,C,C
mlvu-000716,B,B,B,B,C
mlvu-000717,D,D,D,D,C
mlvu-000718,C,C,C,C,C
mlvu-000719,B,B,B,B,B
mlvu-000720,B,D,B,B,B
mlvu-000721,B,A,B,B,B
mlvu-000722,D,D,D,D,D
mlvu-000723,B,B,B,B,B
mlvu-000724,D,A,C,A,B
mlvu-000725,D,D,D,D,D
mlvu-000726,B,B,B,B,D
mlvu-000727,C,C,C,C,C
mlvu-000728,B,B,B,B,B
mlvu-000729,D,D,D,D,D
mlvu-000730,B,B,B,B,D
mlvu-000731,A,A,A,A,A
mlvu-000732,D,D,D,D,D
mlvu-000733,A,C,A,A,A
mlvu-000734,A,A,A,A,A
mlvu-000735,D,D,D,D,D
mlvu-000736,B,B,B,B,D
mlvu-000737,A,A,A,A,A
mlvu-000738,C,C,C,C,D
mlvu-000739,D,A,D,A,D
mlvu-000740,C,C,C,D,C
mlvu-000741,D,D,D,D,D
mlvu-000742,A,A,A,A,C
mlvu-000743,C,C,C,C,C
mlvu-000744,A,A,A,A,A
mlvu-000745,C,C,C,C,C
mlvu-000746,C,C,C,C,D
mlvu-000747,A,A,A,A,A
mlvu-000748,C,C,C,C,C
mlvu-000749,A,A,A,A,D
mlvu-000750,A,A,A,A,A
mlvu-000751,C,C,C,C,C
mlvu-000752,D,D,D,D,D
mlvu-000753,D,A,D,D,D
mlvu-000754,B,B,B,B,A
mlvu-000755,B,B,B,B,B
mlvu-000756,A,A,A,A,A
mlvu-000757,D,D,D,D,D
mlvu-000758,A,A,A,A,A
mlvu-000759,C,C,C,C,C
mlvu-000760,B,B,B,B,B
mlvu-000761,A,A,A,A,A
mlvu-000762,A,A,A,A,B
mlvu-000763,B,A,B,B,B
mlvu-000764,A,C,C,A,A
mlvu-000765,C,A,D,C,D
mlvu-000766,B,D,B,B,B
mlvu-000767,B,B,B,B,B
mlvu-000768,A,A,A,A,C
mlvu-000769,D,D,D,D,D
mlvu-000770,C,D,A,C,D
mlvu-000771,D,D,D,D,D
mlvu-000772,D,C,B,D,C
mlvu-000773,C,C,C,C,C
mlvu-000774,D,D,B,B,B
mlvu-000775,B,B,B,B,B
mlvu-000776,A,D,D,A,D
mlvu-000777,D,B,D,D,D
mlvu-000778,A,B,A,A,A
mlvu-000779,D,D,D,D,D
mlvu-000780,D,D,D,D,D
mlvu-000781,C,A,C,C,C
mlvu-000782,D,A,A,D,D
mlvu-000783,A,A,A,B,A
mlvu-000784,D,D,D,D,D
mlvu-000785,D,D,D,D,D
mlvu-000786,A,B,A,B,B
mlvu-000787,C,C,C,C,C
mlvu-000788,A,A,A,A,A
mlvu-000789,B,B,B,B,B
mlvu-000790,B,B,D,B,D
mlvu-000791,C,C,C,C,B
mlvu-000792,A,A,A,A,A
mlvu-000793,B,B,B,B,B
mlvu-000794,D,D,D,D,D
mlvu-000795,D,A,A,A,A
mlvu-000796,B,B,B,B,B
mlvu-000797,A,A,A,A,A
mlvu-000798,D,D,D,D,D
mlvu-000799,B,B,B,B,B
mlvu-000800,C,C,C,C,C
mlvu-000801,B,B,B,B,B
mlvu-000802,A,C,A,A,C
mlvu-000803,C,C,C,C,C
mlvu-000804,A,A,A,D,A
mlvu-000805,B,B,B,B,B
mlvu-000806,B,C,C,C,C
mlvu-000807,A,A,A,A,A
mlvu-000808,B,D,D,B,B
mlvu-000809,D,D,D,D,D
mlvu-000810,C,C,C,C,C
mlvu-000811,A,B,A,A,D
mlvu-000812,A,A,A,A,C
mlvu-000813,D,D,D,D,A
mlvu-000814,A,A,A,A,A
mlvu-000815,D,D,D,D,D
mlvu-000816,D,A,D,D,B
mlvu-000817,A,B,B,A,A
mlvu-000818,B,B,B,B,B
mlvu-000819,A,A,A,A,A
mlvu-000820,C,C,C,C,C
mlvu-000821,D,D,D,D,A
mlvu-000822,D,D,D,D,C
mlvu-000823,D,D,D,D,D
mlvu-000824,A,C,A,B,A
mlvu-000825,C,C,C,C,C
mlvu-000826,D,D,A,D,C
mlvu-000827,C,C,C,C,C
mlvu-000828,C,C,C,C,C
mlvu-000829,B,B,B,B,B
mlvu-000830,A,A,D,A,A
mlvu-000831,C,C,C,B,C
mlvu-000832,D,A,D,D,A
mlvu-000833,B,B,B,B,B
mlvu-000834,C,C,C,C,D
mlvu-000835,A,B,B,A,A
mlvu-000836,C,A,B,C,A
mlvu-000837,C,C,C,C,D
mlvu-000838,C,C,C,C,C
mlvu-000839,B,B,B,B,B
mlvu-000840,D,D,D,D,D
mlvu-000841,D,D,D,D,D
mlvu-000842,A,B,B,B,A
mlvu-000843,B,B,B,B,B
mlvu-000844,C,C,C,C,C
mlvu-000845,B,B,B,B,B
mlvu-000846,C,B,C,C,B
mlvu-000847,B,B,B,B,B
mlvu-000848,B,B,B,B,B
mlvu-000849,C,C,C,C,B
mlvu-000850,A,A,B,A,A
mlvu-000851,C,C,C,C,C
mlvu-000852,B,B,B,B,B
mlvu-000853,D,D,D,D,D
mlvu-000854,C,C,C,C,C
mlvu-000855,D,D,D,D,D
mlvu-000856,C,C,C,C,C
mlvu-000857,C,C,C,C,C
mlvu-000858,A,A,A,A,A
mlvu-000859,C,C,C,C,C
mlvu-000860,A,B,A,A,B
mlvu-000861,C,C,C,C,C
mlvu-000862,A,C,A,A,A
mlvu-000863,C,B,C,B,C
mlvu-000864,D,D,D,D,D
mlvu-000865,A,B,A,A,B
mlvu-000866,D,D,D,D,D
mlvu-000867,B,B,B,B,B
mlvu-000868,B,B,B,B,B
mlvu-000869,B,B,B,B,B
mlvu-000870,D,D,D,D,D
mlvu-000871,C,C,C,C,C
mlvu-000872,C,C,C,C,C
mlvu-000873,C,A,D,C,D
mlvu-000874,C,D,C,C,D
mlvu-000875,C,C,C,C,C
mlvu-000876,C,C,C,C,C
mlvu-000877,A,A,A,A,B
mlvu-000878,A,A,A,A,A
mlvu-000879,A,A,A,A,A
mlvu-000880,B,B,B,B,B
mlvu-000881,A,A,D,D,A
mlvu-000882,A,A,A,A,D
mlvu-000883,A,D,D,A,C
mlvu-000884,B,B,B,B,B
mlvu-000885,D,B,D,D,B
mlvu-000886,B,B,B,B,B
mlvu-000887,C,B,C,C,B
mlvu-000888,C,C,C,C,C
mlvu-000889,B,A,A,B,B
mlvu-000890,B,B,B,B,D
mlvu-000891,C,C,C,C,C
mlvu-000892,C,A,A,A,A
mlvu-000893,C,C,C,C,B
mlvu-000894,D,D,D,D,A
mlvu-000895,A,A,A,A,D
mlvu-000896,A,A,B,A,C
mlvu-000897,B,B,B,B,B
mlvu-000898,D,D,D,D,A
mlvu-000899,C,C,C,C,A
mlvu-000900,B,B,C,B,B
mlvu-000901,C,B,C,B,B
mlvu-000902,C,C,C,C,C
mlvu-000903,B,A,B,B,D
mlvu-000904,A,A,A,A,A
mlvu-000905,B,B,B,B,B
mlvu-000906,B,C,C,B,C
mlvu-000907,D,D,D,D,D
mlvu-000908,A,A,A,A,D
mlvu-000909,A,D,D,D,D
mlvu-000910,C,C,C,C,B
mlvu-000911,C,C,C,C,B
mlvu-000912,A,A,A,A,A
mlvu-000913,A,A,A,A,A
mlvu-000914,D,D,D,D,A
mlvu-000915,C,C,C,C,C
mlvu-000916,B,A,A,A,B
mlvu-000917,A,B,B,A,A
mlvu-000918,A,A,A,A,A
mlvu-000919,D,B,B,D,D
mlvu-000920,B,B,D,D,B
mlvu-000921,C,C,C,C,D
mlvu-000922,B,B,B,B,C
mlvu-000923,B,B,B,B,D
mlvu-000924,D,D,D,D,D
mlvu-000925,C,C,C,C,C
mlvu-000926,B,B,C,D,B
mlvu-000927,D,D,D,D,D
mlvu-000928,B,B,B,B,B
mlvu-000929,C,C,D,C,C
mlvu-000930,A,A,A,A,C
mlvu-000931,B,D,D,B,A
mlvu-000932,D,D,D,D,D
mlvu-000933,D,D,D,D,D
mlvu-000934,C,C,D,D,C
mlvu-000935,C,C,C,C,C
mlvu-000936,C,C,C,C,C
mlvu-000937,B,B,B,B,C
mlvu-000938,C,C,C,C,D
mlvu-000939,B,B,B,B,C
mlvu-000940,D,D,D,D,D
mlvu-000941,B,B,B,B,C
mlvu-000942,A,A,A,A,A
mlvu-000943,B,B,B,B,B
mlvu-000944,B,B,B,B,C
mlvu-000945,B,C,B,C,A
mlvu-000946,D,D,D,D,C
mlvu-000947,A,A,A,A,A
mlvu-000948,D,D,D,D,D
mlvu-000949,D,D,D,D,D
mlvu-000950,A,A,A,A,C
mlvu-000951,C,C,C,C,C
mlvu-000952,C,C,C,C,D
mlvu-000953,A,A,A,C,A
mlvu-000954,B,B,B,B,D
mlvu-000955,B,B,B,B,B
mlvu-000956,A,A,A,A,A
mlvu-000957,A,A,A,A,A
mlvu-000958,A,A,A,A,A
mlvu-000959,D,C,C,C,C
mlvu-000960,D,D,D,D,A
mlvu-000961,D,D,B,D,D
mlvu-000962,B,B,D,D,C
mlvu-000963,B,D,B,B,B
mlvu-000964,C,C,C,C,C
mlvu-000965,A,A,A,A,A
mlvu-000966,C,C,C,C,C
mlvu-000967,B,B,B,B,B
mlvu-000968,D,A,A,D,D
mlvu-000969,D,D,D,D,B
mlvu-000970,A,A,A,A,B
mlvu-000971,D,D,D,D,A
mlvu-000972,B,B,B,B,A
mlvu-000973,A,A,A,A,B
mlvu-000974,D,D,D,D,D
mlvu-000975,D,D,D,D,D
mlvu-000976,A,A,A,A,A
mlvu-000977,C,C,C,C,A
mlvu-000978,B,B,B,B,B
mlvu-000979,B,D,B,B,D
mlvu-000980,A,A,A,A,B
mlvu-000981,C,C,C,A,C
mlvu-000982,D,D,D,D,D
mlvu-000983,A,A,D,D,D
mlvu-000984,C,C,C,C,B
mlvu-000985,C,C,C,C,C
mlvu-000986,B,B,B,B,D
mlvu-000987,C,C,C,C,B
mlvu-000988,A,A,A,A,C
mlvu-000989,B,B,B,B,B
mlvu-000990,A,A,A,A,D
mlvu-000991,B,D,B,D,C
mlvu-000992,C,C,C,C,C
mlvu-000993,D,D,D,D,A
mlvu-000994,D,D,D,D,C
mlvu-000995,D,D,A,A,B
mlvu-000996,C,B,C,C,C
mlvu-000997,B,A,A,A,C
mlvu-000998,B,B,B,B,D
mlvu-000999,C,C,C,C,C
mlvu-001000,A,A,A,A,A
mlvu-001001,C,A,A,D,A
mlvu-001002,B,B,B,B,B
mlvu-001003,C,C,C,C,C
mlvu-001004,B,B,B,B,B
mlvu-001005,D,B,D,B,D
mlvu-001006,B,B,B,B,B
mlvu-001007,C,C,C,C,C
mlvu-001008,B,B,B,B,B
mlvu-001009,A,A,A,A,D
mlvu-001010,A,A,A,A,D
mlvu-001011,A,B,B,B,A
mlvu-001012,A,A,A,A,A
mlvu-001013,B,B,B,B,A
mlvu-001014,B,A,A,A,D
mlvu-001015,B,B,B,B,D
mlvu-001016,A,B,B,B,B
mlvu-001017,A,A,A,A,A
mlvu-001018,B,B,B,B,B
mlvu-001019,B,B,A,B,C
mlvu-001020,C,C,C,C,C
mlvu-001021,C,C,C,C,C
mlvu-001022,A,A,B,A,B
mlvu-001023,B,B,B,B,B
mlvu-001024,C,C,C,C,C
mlvu-001025,D,A,B,D,A
mlvu-001026,D,D,D,D,C
mlvu-001027,B,C,B,B,B
mlvu-001028,B,B,B,B,C
mlvu-001029,D,D,A,D,C
mlvu-001030,D,D,D,D,D
mlvu-001031,A,B,A,A,D
mlvu-001032,C,C,C,C,A
mlvu-001033,A,A,A,A,A
mlvu-001034,D,C,D,D,D
mlvu-001035,C,C,C,C,C
mlvu-001036,C,C,C,C,B
mlvu-001037,C,A,C,C,D
mlvu-001038,C,B,B,B,D
mlvu-001039,A,A,A,A,A
mlvu-001040,A,A,A,A,A
mlvu-001041,C,C,C,C,C
mlvu-001042,B,B,A,B,B
mlvu-001043,C,A,A,C,A
mlvu-001044,C,C,C,C,C
mlvu-001045,A,A,B,B,B
mlvu-001046,B,C,C,C,C
mlvu-001047,A,A,B,B,B
mlvu-001048,B,B,B,B,C
mlvu-001049,C,B,C,B,B
mlvu-001050,D,D,D,D,D
mlvu-001051,D,D,D,D,A
mlvu-001052,B,B,B,B,A
mlvu-001053,B,C,B,B,B
mlvu-001054,A,C,D,D,A
mlvu-001055,D,D,D,C,A
mlvu-001056,C,C,C,C,C
mlvu-001057,D,D,D,C,D
mlvu-001058,B,B,B,B,B
mlvu-001059,A,A,A,A,A
mlvu-001060,B,D,B,B,B
mlvu-001061,B,C,B,B,A
mlvu-001062,D,D,D,D,D
mlvu-001063,C,D,C,C,D
mlvu-001064,B,B,D,B,C
mlvu-001065,A,B,B,B,C
mlvu-001066,A,A,A,A,B
mlvu-001067,B,C,C,B,D
mlvu-001068,B,A,B,B,B
mlvu-001069,B,B,B,B,B
mlvu-001070,A,A,A,A,A
mlvu-001071,A,A,A,A,A
mlvu-001072,D,D,D,D,A
mlvu-001073,D,D,D,D,C
mlvu-001074,A,A,A,A,C
mlvu-001075,A,A,A,B,A
mlvu-001076,B,B,B,B,B
mlvu-001077,B,B,B,D,A
mlvu-001078,D,A,D,D,A
mlvu-001079,C,C,C,C,C
mlvu-001080,A,C,A,C,A
mlvu-001081,A,A,A,A,A
mlvu-001082,D,D,D,D,A
mlvu-001083,C,B,C,C,B
mlvu-001084,B,B,B,B,B
mlvu-001085,D,D,D,D,D
mlvu-001086,B,D,B,D,B
mlvu-001087,B,B,B,B,B
mlvu-001088,C,C,C,C,B
mlvu-001089,B,B,B,B,C
mlvu-001090,B,B,B,B,C
mlvu-001091,C,C,C,C,B
mlvu-001092,D,D,D,D,D
mlvu-001093,B,D,D,D,B
mlvu-001094,C,C,C,C,C
mlvu-001095,A,A,A,D,A
mlvu-001096,B,B,B,B,A
mlvu-001097,D,D,B,D,B
mlvu-001098,D,D,D,D,D
mlvu-001099,C,C,C,C,D
mlvu-001100,B,B,B,C,C
mlvu-001101,B,C,C,C,B
mlvu-001102,D,C,B,D,B
mlvu-001103,C,C,C,C,C
mlvu-001104,A,A,A,A,D
mlvu-001105,A,A,A,A,D
mlvu-001106,B,B,B,B,B
mlvu-001107,B,B,B,B,A
mlvu-001108,D,D,D,D,B
mlvu-001109,C,C,C,C,C
mlvu-001110,C,C,C,C,C
mlvu-001111,C,D,D,B,D
mlvu-001112,C,B,B,C,B
mlvu-001113,C,C,C,C,A
mlvu-001114,C,C,C,C,C
mlvu-001115,A,C,A,A,A
mlvu-001116,C,A,A,C,B
mlvu-001117,B,B,B,B,B
mlvu-001118,D,D,D,A,D
mlvu-001119,A,B,C,D,D
mlvu-001120,C,C,C,C,D
mlvu-001121,D,D,D,D,D
mlvu-001122,B,B,A,B,B
mlvu-001123,D,D,D,D,D
mlvu-001124,A,A,A,B,B
mlvu-001125,C,C,C,C,C
mlvu-001126,D,D,D,D,D
mlvu-001127,B,B,B,B,C
mlvu-001128,D,A,C,B,A
mlvu-001129,A,C,A,A,A
mlvu-001130,D,D,D,D,D
mlvu-001131,D,D,B,A,C
mlvu-001132,B,C,B,C,B
mlvu-001133,D,A,D,D,D
mlvu-001134,B,B,B,B,B
mlvu-001135,A,C,D,A,D
mlvu-001136,D,D,D,D,B
mlvu-001137,B,A,C,B,C
mlvu-001138,A,A,A,A,C
mlvu-001139,B,B,B,B,C
mlvu-001140,B,B,B,B,A
mlvu-001141,C,B,B,B,A
mlvu-001142,C,C,C,C,C
mlvu-001143,C,B,B,B,B
mlvu-001144,D,D,C,D,C
mlvu-001145,C,C,C,C,D
mlvu-001146,D,A,A,B,D
mlvu-001147,B,C,B,C,A
mlvu-001148,A,C,A,A,C
mlvu-001149,D,D,D,D,D
mlvu-001150,D,D,D,D,D
mlvu-001151,C,C,C,C,D
mlvu-001152,A,D,A,A,A
mlvu-001153,D,D,D,A,D
mlvu-001154,A,A,C,A,A
mlvu-001155,A,A,A,A,C
mlvu-001156,C,C,C,C,C
mlvu-001157,A,A,A,A,A
mlvu-001158,B,C,B,B,C
mlvu-001159,C,C,C,C,C
mlvu-001160,D,D,D,D,D
mlvu-001161,B,B,B,B,B
mlvu-001162,D,D,D,D,D
mlvu-001163,A,A,A,A,C
mlvu-001164,C,C,C,C,C
mlvu-001165,D,D,D,D,D
mlvu-001166,B,B,B,B,B
mlvu-001167,C,D,C,C,C
mlvu-001168,D,D,D,D,D
mlvu-001169,C,C,C,C,C
mlvu-001170,B,B,B,B,B
mlvu-001171,B,B,B,B,B
mlvu-001172,D,D,D,D,D
mlvu-001173,C,B,D,B,C
mlvu-001174,C,B,C,B,B
mlvu-001175,D,D,D,D,D
mlvu-001176,B,B,B,B,B
mlvu-001177,C,C,C,C,D
mlvu-001178,B,B,B,D,B
mlvu-001179,C,D,D,D,D
mlvu-001180,B,D,D,D,D
mlvu-001181,A,B,A,C,C
mlvu-001182,A,B,A,A,B
mlvu-001183,C,C,C,C,C
mlvu-001184,B,B,B,B,B
mlvu-001185,A,A,A,A,B
mlvu-001186,B,B,B,B,B
mlvu-001187,D,D,D,D,A
mlvu-001188,D,D,D,D,C
mlvu-001189,C,A,C,A,A
mlvu-001190,D,B,B,B,A
mlvu-001191,D,D,D,D,D
mlvu-001192,A,A,A,A,A
mlvu-001193,C,C,C,C,C
mlvu-001194,D,D,D,D,A
mlvu-001195,C,C,C,C,C
mlvu-001196,A,A,A,A,A
mlvu-001197,B,B,B,B,D
mlvu-001198,D,D,D,D,C
mlvu-001199,A,A,A,A,A
mlvu-001200,A,A,A,A,C
mlvu-001201,D,C,B,D,A
mlvu-001202,D,D,D,D,B
mlvu-001203,D,D,D,D,D
mlvu-001204,C,C,C,C,C
mlvu-001205,A,A,A,A,A
mlvu-001206,A,D,A,A,C
mlvu-001207,B,C,C,C,C
mlvu-001208,C,C,C,C,B
mlvu-001209,D,D,D,D,D
mlvu-001210,A,A,A,A,C
mlvu-001211,B,A,B,A,A
mlvu-001212,A,A,A,A,C
mlvu-001213,A,A,A,A,A
mlvu-001214,A,C,C,C,A
mlvu-001215,B,C,B,C,C
mlvu-001216,A,A,A,A,A
mlvu-001217,A,A,A,A,C
mlvu-001218,C,C,C,C,C
mlvu-001219,C,C,C,B,A
mlvu-001220,C,C,C,C,C
mlvu-001221,B,A,A,A,A
mlvu-001222,D,A,B,D,A
mlvu-001223,C,C,C,C,C
mlvu-001224,D,C,D,C,D
mlvu-001225,C,C,C,B,A
mlvu-001226,B,C,B,B,B
mlvu-001227,C,C,C,B,A
mlvu-001228,A,A,D,A,A
mlvu-001229,D,C,D,D,D
mlvu-001230,C,C,A,C,C
mlvu-001231,D,D,D,D,A
mlvu-001232,C,B,B,C,C
mlvu-001233,C,D,D,C,B
mlvu-001234,C,C,A,C,D
mlvu-001235,D,D,C,C,B
mlvu-001236,B,B,B,A,B
mlvu-001237,D,D,D,D,C
mlvu-001238,A,A,A,A,B
mlvu-001239,B,B,C,B,C
mlvu-001240,C,C,C,C,C
mlvu-001241,D,D,D,D,C
mlvu-001242,B,B,B,B,D
mlvu-001243,B,C,B,B,A
mlvu-001244,B,D,C,C,C
mlvu-001245,A,B,B,A,A
mlvu-001246,D,D,B,B,D
mlvu-001247,B,D,D,D,D
mlvu-001248,D,D,D,D,B
mlvu-001249,B,B,B,B,C
mlvu-001250,A,D,D,D,D
mlvu-001251,D,C,C,C,C
mlvu-001252,C,C,C,C,C
mlvu-001253,C,A,A,A,C
mlvu-001254,D,B,B,B,B
mlvu-001255,A,D,D,D,D
mlvu-001256,A,B,B,A,C
mlvu-001257,C,D,D,D,D
mlvu-001258,C,D,D,C,D
mlvu-001259,C,C,C,C,B
mlvu-001260,D,D,D,D,D
mlvu-001261,A,A,D,D,D
mlvu-001262,D,D,D,D,B
mlvu-001263,C,C,C,C,B
mlvu-001264,D,D,D,D,D
mlvu-001265,A,A,A,A,B
mlvu-001266,A,A,A,A,D
mlvu-001267,D,D,D,D,B
mlvu-001268,D,B,D,D,D
mlvu-001269,D,D,D,D,A
mlvu-001270,A,A,A,A,B
mlvu-001271,A,A,A,A,D
mlvu-001272,D,D,D,D,D
mlvu-001273,D,D,D,D,A
mlvu-001274,A,A,A,A,C
mlvu-001275,C,A,A,A,C
mlvu-001276,C,C,C,C,C
mlvu-001277,D,D,C,C,D
mlvu-001278,D,C,D,C,C
mlvu-001279,B,A,B,B,B
mlvu-001280,C,C,C,C,C
mlvu-001281,D,D,D,D,C
mlvu-001282,A,A,A,D,D
mlvu-001283,A,C,C,C,C
mlvu-001284,D,D,D,D,D
mlvu-001285,D,D,D,D,B
mlvu-001286,C,B,B,B,B
mlvu-001287,A,A,A,A,D
mlvu-001288,A,A,A,A,D
mlvu-001289,D,A,D,D,D
mlvu-001290,C,B,B,B,B
mlvu-001291,B,C,C,C,B
mlvu-001292,C,A,C,C,C
mlvu-001293,D,D,D,D,B
mlvu-001294,B,B,B,B,D
mlvu-001295,A,A,A,A,C
mlvu-001296,D,D,D,D,D
mlvu-001297,C,D,C,C,B
mlvu-001298,A,A,A,D,D
mlvu-001299,B,B,B,B,C
mlvu-001300,C,C,C,C,D
mlvu-001301,B,B,B,B,C
mlvu-001302,C,C,C,C,D
mlvu-001303,B,B,B,B,C
mlvu-001304,D,A,A,D,D
mlvu-001305,B,A,A,A,B
mlvu-001306,B,A,A,A,B
mlvu-001307,A,B,A,A,D
mlvu-001308,C,A,C,A,C
mlvu-001309,D,D,D,D,B
mlvu-001310,A,C,C,A,A
mlvu-001311,C,A,C,A,D
mlvu-001312,C,D,B,B,C
mlvu-001313,B,B,A,B,D
mlvu-001314,A,B,B,B,A
mlvu-001315,D,C,D,D,D
mlvu-001316,D,C,C,D,C
mlvu-001317,B,D,D,D,A
mlvu-001318,C,C,C,B,C
mlvu-001319,C,C,C,C,A
mlvu-001320,D,D,D,D,D
mlvu-001321,B,B,B,B,C
mlvu-001322,A,A,A,A,D
mlvu-001323,A,A,A,A,C
mlvu-001324,B,B,B,B,D
mlvu-001325,D,D,D,D,C
mlvu-001326,D,D,D,D,D
mlvu-001327,C,B,B,B,B
mlvu-001328,A,A,A,A,D
mlvu-001329,A,B,B,B,B
mlvu-001330,A,A,A,A,A
mlvu-001331,A,A,A,A,C
mlvu-001332,D,D,D,D,D
mlvu-001333,D,D,D,D,D
mlvu-001334,B,D,D,B,D
mlvu-001335,B,B,B,B,D
mlvu-001336,C,C,C,C,C
mlvu-001337,C,A,C,A,D
mlvu-001338,D,B,B,B,D
mlvu-001339,B,B,B,B,B
mlvu-001340,A,A,A,A,C
mlvu-001341,C,C,C,C,C
mlvu-001342,D,D,D,D,D
mlvu-001343,D,D,D,D,C
mlvu-001344,D,C,C,C,D
mlvu-001345,B,C,B,C,C
mlvu-001346,C,C,C,C,A
mlvu-001347,D,D,D,D,D
mlvu-001348,C,C,C,C,B
mlvu-001349,D,D,B,B,D
mlvu-001350,A,A,A,A,A
mlvu-001351,C,C,C,C,C
mlvu-001352,C,C,C,C,C
mlvu-001353,A,A,A,A,A
mlvu-001354,B,B,B,B,B
mlvu-001355,C,C,C,C,C
mlvu-001356,A,B,A,A,B
mlvu-001357,D,D,D,D,C
mlvu-001358,B,B,B,B,B
mlvu-001359,D,D,D,D,D
mlvu-001360,D,D,D,D,C
mlvu-001361,B,B,B,B,C
mlvu-001362,D,A,A,A,D
mlvu-001363,B,B,B,B,C
mlvu-001364,D,B,D,D,B
mlvu-001365,D,D,D,D,D
mlvu-001366,C,C,C,C,B
mlvu-001367,A,C,C,C,C
mlvu-001368,B,B,B,B,C
mlvu-001369,A,A,A,A,D
mlvu-001370,D,D,D,D,B
mlvu-001371,D,A,A,A,D
mlvu-001372,B,A,A,B,B
mlvu-001373,C,C,C,C,C
mlvu-001374,B,B,B,B,D
mlvu-001375,D,D,D,D,C
mlvu-001376,B,B,B,D,D
mlvu-001377,B,B,B,B,A
mlvu-001378,C,D,C,D,C
mlvu-001379,B,B,B,B,C
mlvu-001380,D,C,C,C,D
mlvu-001381,C,D,C,C,C
mlvu-001382,D,D,D,D,D
mlvu-001383,A,A,A,A,C
mlvu-001384,A,A,A,A,C
mlvu-001385,A,A,A,A,D
mlvu-001386,C,C,C,C,C
mlvu-001387,A,B,B,D,D
mlvu-001388,D,D,C,D,C
mlvu-001389,C,B,B,C,C
mlvu-001390,A,A,A,A,D
mlvu-001391,A,A,A,A,D
mlvu-001392,A,A,A,A,B
mlvu-001393,D,A,D,D,D
mlvu-001394,B,D,D,B,B
mlvu-001395,D,C,C,C,D
mlvu-001396,A,A,A,A,D
mlvu-001397,B,B,B,B,B
mlvu-001398,B,B,B,B,A
mlvu-001399,C,C,C,C,C
mlvu-001400,A,A,A,A,D
mlvu-001401,B,B,D,B,A
mlvu-001402,A,B,A,A,D
mlvu-001403,D,B,D,D,D
mlvu-001404,C,C,C,C,C
mlvu-001405,B,B,B,B,C
mlvu-001406,C,C,C,C,D
mlvu-001407,C,B,B,B,B
mlvu-001408,D,D,D,D,C
mlvu-001409,A,A,A,A,C
mlvu-001410,C,C,C,C,B
mlvu-001411,B,B,B,B,D
mlvu-001412,B,B,B,B,C
mlvu-001413,C,B,A,C,B
mlvu-001414,C,C,C,C,D
mlvu-001415,C,D,D,C,D
mlvu-001416,D,D,D,D,D
mlvu-001417,C,C,D,C,D
mlvu-001418,D,B,B,B,D
mlvu-001419,A,B,B,A,D
mlvu-001420,D,B,B,B,D
mlvu-001421,C,C,C,C,A
mlvu-001422,A,B,A,A,D
mlvu-001423,A,A,A,A,D
mlvu-001424,C,C,C,C,C
mlvu-001425,A,A,A,A,C
mlvu-001426,B,B,B,B,D
mlvu-001427,B,B,B,B,D
mlvu-001428,D,C,C,D,C
mlvu-001429,A,C,C,A,B
mlvu-001430,D,D,D,D,B
mlvu-001431,C,C,C,C,C
mlvu-001432,C,A,A,C,D
mlvu-001433,A,C,A,A,A
mlvu-001434,B,D,D,D,D
mlvu-001435,D,D,D,A,B
mlvu-001436,B,B,B,B,D
mlvu-001437,C,B,C,B,C
mlvu-001438,A,B,A,A,D
mlvu-001439,D,D,D,D,B
mlvu-001440,A,D,D,A,D
mlvu-001441,D,C,C,D,D
mlvu-001442,D,D,B,D,D
mlvu-001443,C,C,D,D,D
mlvu-001444,B,A,A,A,D
mlvu-001445,A,A,A,A,D
mlvu-001446,C,C,C,C,D
mlvu-001447,C,C,C,C,B
mlvu-001448,D,B,B,D,B
mlvu-001449,A,B,B,B,A
mlvu-001450,D,C,C,D,C
mlvu-001451,D,D,D,D,D
mlvu-001452,A,A,A,A,A
mlvu-001453,D,C,C,C,C
mlvu-001454,A,A,A,A,A
mlvu-001455,C,C,A,C,A
mlvu-001456,D,C,C,D,C
mlvu-001457,A,A,A,A,A
mlvu-001458,D,C,D,D,C
mlvu-001459,D,C,C,C,C
mlvu-001460,D,C,C,D,C
mlvu-001461,B,B,B,B,B
mlvu-001462,D,D,D,D,D
mlvu-001463,C,C,C,C,C
mlvu-001464,B,A,A,B,A
mlvu-001465,D,D,D,D,D
mlvu-001466,A,D,A,A,B
mlvu-001467,A,A,A,A,C
mlvu-001468,D,D,D,D,D
mlvu-001469,D,D,D,D,C
mlvu-001470,A,C,A,A,C
mlvu-001471,A,A,A,A,A
mlvu-001472,B,B,B,B,B
mlvu-001473,B,C,C,A,C
mlvu-001474,D,D,D,D,D
mlvu-001475,C,C,C,C,C
mlvu-001476,C,C,C,C,C
mlvu-001477,B,B,C,D,A
mlvu-001478,D,C,C,D,C
mlvu-001479,C,C,C,C,C
mlvu-001480,D,B,B,D,D
mlvu-001481,D,D,D,D,D
mlvu-001482,D,D,D,D,D
mlvu-001483,C,C,C,C,C
mlvu-001484,D,D,D,D,D
mlvu-001485,C,C,C,D,A
mlvu-001486,A,A,A,A,A
mlvu-001487,C,C,C,C,C
mlvu-001488,C,C,C,C,C
mlvu-001489,A,A,A,A,A
mlvu-001490,D,D,D,D,D
mlvu-001491,D,D,D,D,D
mlvu-001492,D,C,C,C,A
mlvu-001493,A,A,A,A,A
mlvu-001494,D,D,D,D,C
mlvu-001495,C,C,C,C,C
mlvu-001496,B,C,D,C,B
mlvu-001497,C,D,C,A,A
mlvu-001498,C,C,C,C,C
mlvu-001499,C,C,C,C,C
mlvu-001500,A,D,D,A,D
mlvu-001501,C,C,C,C,C
mlvu-001502,C,C,C,C,C
mlvu-001503,B,B,B,C,B
mlvu-001504,A,B,B,A,B
mlvu-001505,C,B,C,C,B
mlvu-001506,C,D,D,D,D
mlvu-001507,C,C,D,D,C
mlvu-001508,B,B,B,B,B
mlvu-001509,A,C,C,C,C
mlvu-001510,D,D,D,D,D
mlvu-001511,A,C,C,A,A
mlvu-001512,C,C,C,C,C
mlvu-001513,B,D,B,B,D
mlvu-001514,D,D,D,D,D
mlvu-001515,D,C,A,D,B
mlvu-001516,C,C,C,C,C
mlvu-001517,C,C,C,C,C
mlvu-001518,B,B,B,B,B
mlvu-001519,D,D,D,D,D
mlvu-001520,C,C,C,C,A
mlvu-001521,D,D,D,D,D
mlvu-001522,A,B,B,A,B
mlvu-001523,C,A,C,C,C
mlvu-001524,B,B,B,B,B
mlvu-001525,D,D,D,D,D
mlvu-001526,A,C,C,A,C
mlvu-001527,D,D,D,D,D
mlvu-001528,B,B,B,B,B
mlvu-001529,B,D,D,D,D
mlvu-001530,B,B,B,B,C
mlvu-001531,B,B,B,B,B
mlvu-001532,D,D,D,D,D
mlvu-001533,A,A,A,A,D
mlvu-001534,C,C,C,C,C
mlvu-001535,B,D,D,D,D
mlvu-001536,C,D,A,A,B
mlvu-001537,C,C,C,B,C
mlvu-001538,D,D,D,D,D
mlvu-001539,C,C,C,C,C
mlvu-001540,D,D,D,D,D
mlvu-001541,B,B,B,B,B
mlvu-001542,D,D,D,D,A
mlvu-001543,D,D,D,D,B
mlvu-001544,C,C,C,C,C
mlvu-001545,A,D,A,A,A
mlvu-001546,C,D,C,D,D
mlvu-001547,B,D,D,B,A
mlvu-001548,C,C,C,C,C
mlvu-001549,C,B,C,C,C
mlvu-001550,A,A,A,A,A
mlvu-001551,D,D,D,D,D
mlvu-001552,B,B,B,B,B
mlvu-001553,B,D,B,B,D
mlvu-001554,C,C,C,C,C
mlvu-001555,B,C,C,B,B
mlvu-001556,D,D,C,D,C
mlvu-001557,D,B,D,D,D
mlvu-001558,C,C,C,D,C
mlvu-001559,A,D,D,A,D
mlvu-001560,C,D,C,D,C
mlvu-001561,D,D,D,D,A
mlvu-001562,C,C,C,C,C
mlvu-001563,B,B,B,A,B
mlvu-001564,D,C,D,D,A
mlvu-001565,C,C,C,C,C
mlvu-001566,D,D,D,D,D
mlvu-001567,C,C,C,C,C
mlvu-001568,C,C,C,C,C
mlvu-001569,D,D,D,D,D
mlvu-001570,D,D,B,B,D
mlvu-001571,B,D,A,B,A
mlvu-001572,C,C,C,C,C
mlvu-001573,A,A,A,A,A
mlvu-001574,A,C,C,C,C
mlvu-001575,A,D,D,D,C
mlvu-001576,B,B,D,B,D
mlvu-001577,C,C,C,C,C
mlvu-001578,C,C,C,C,C
mlvu-001579,B,B,B,D,D
mlvu-001580,D,B,B,D,B
mlvu-001581,A,D,A,A,D
mlvu-001582,B,B,B,B,A
mlvu-001583,C,C,C,C,C
mlvu-001584,D,D,D,D,D
mlvu-001585,D,D,D,D,A
mlvu-001586,A,D,D,C,C
mlvu-001587,C,C,C,C,C
mlvu-001588,C,C,C,C,B
mlvu-001589,C,C,C,C,C
mlvu-001590,C,C,C,C,C
mlvu-001591,D,D,D,D,D
mlvu-001592,C,B,C,B,C
mlvu-001593,C,C,C,C,C
mlvu-001594,C,C,C,C,C
mlvu-001595,D,A,D,B,A
mlvu-001596,A,B,B,D,A
mlvu-001597,C,C,C,C,C
mlvu-001598,C,C,D,D,A
mlvu-001599,A,C,A,C,A
mlvu-001600,C,C,C,C,C
mlvu-001601,D,D,D,D,D
mlvu-001602,D,D,D,D,D
mlvu-001603,B,B,B,B,B
mlvu-001604,C,C,C,C,C
mlvu-001605,C,D,D,C,D
mlvu-001606,A,C,C,C,A
mlvu-001607,D,D,D,D,D
mlvu-001608,C,B,D,C,A
mlvu-001609,C,D,D,D,D
mlvu-001610,B,B,B,B,D
mlvu-001611,C,D,C,C,D
mlvu-001612,A,D,D,A,D
mlvu-001613,C,D,C,C,B
mlvu-001614,D,C,C,C,C
mlvu-001615,B,B,D,D,D
mlvu-001616,A,D,C,B,A
mlvu-001617,C,C,C,C,C
mlvu-001618,B,D,A,B,A
mlvu-001619,B,B,B,B,B
mlvu-001620,B,D,D,B,B
mlvu-001621,A,A,A,A,A
mlvu-001622,A,A,A,A,A
mlvu-001623,B,B,B,B,B
mlvu-001624,D,D,D,D,D
mlvu-001625,C,C,C,C,C
mlvu-001626,D,D,D,D,D
mlvu-001627,C,C,C,C,C
mlvu-001628,D,D,D,D,D
mlvu-001629,D,D,D,D,D
mlvu-001630,C,C,C,C,A
mlvu-001631,B,C,B,B,B
mlvu-001632,A,A,C,A,C
mlvu-001633,B,D,B,D,D
mlvu-001634,C,C,B,B,A
mlvu-001635,B,B,B,B,B
mlvu-001636,C,C,C,C,C
mlvu-001637,C,C,C,C,C
mlvu-001638,B,B,B,B,B
mlvu-001639,D,D,D,D,B
mlvu-001640,A,D,A,C,A
mlvu-001641,A,C,C,C,C
mlvu-001642,D,C,D,D,C
mlvu-001643,C,C,C,C,C
mlvu-001644,C,C,C,C,B
mlvu-001645,C,C,C,C,D
mlvu-001646,C,C,C,C,C
mlvu-001647,C,C,C,C,A
mlvu-001648,D,B,B,D,B
mlvu-001649,A,D,D,A,C
mlvu-001650,C,C,C,C,C
mlvu-001651,A,A,A,A,A
mlvu-001652,D,B,B,B,B
mlvu-001653,D,D,D,D,A
mlvu-001654,A,A,A,A,A
mlvu-001655,A,A,A,A,A
mlvu-001656,A,C,C,C,C
mlvu-001657,C,C,C,C,C
mlvu-001658,B,B,B,B,B
mlvu-001659,C,C,C,C,C
mlvu-001660,C,A,C,C,C
mlvu-001661,C,D,C,C,A
mlvu-001662,A,D,D,A,D
mlvu-001663,A,A,A,A,B
mlvu-001664,D,D,D,D,D
mlvu-001665,A,A,A,A,A
mlvu-001666,D,D,D,D,D
mlvu-001667,D,D,D,D,D
mlvu-001668,C,D,D,C,D
mlvu-001669,D,D,D,D,D
mlvu-001670,C,C,C,C,C
mlvu-001671,C,D,C,C,C
mlvu-001672,D,D,D,D,D
mlvu-001673,C,C,C,C,C
mlvu-001674,C,D,C,D,C
mlvu-001675,A,A,A,A,A
mlvu-001676,A,A,A,A,A
mlvu-001677,C,C,C,C,A
mlvu-001678,B,C,B,B,C
mlvu-001679,B,C,B,B,B
mlvu-001680,D,B,D,D,B
mlvu-001681,B,D,D,D,D
mlvu-001682,D,D,D,D,D
mlvu-001683,D,C,C,C,C
mlvu-001684,B,B,B,B,B
mlvu-001685,C,C,C,C,C
mlvu-001686,D,D,D,D,C
mlvu-001687,D,C,C,D,C
mlvu-001688,B,B,B,B,B
mlvu-001689,D,D,D,D,D
mlvu-001690,C,C,B,C,C
mlvu-001691,B,B,B,B,B
mlvu-001692,B,B,B,B,B
mlvu-001693,D,D,D,D,D
mlvu-001694,D,D,C,D,C
mlvu-001695,C,D,D,C,C
mlvu-001696,C,C,A,A,C
mlvu-001697,D,D,D,D,D
mlvu-001698,A,A,A,A,A
mlvu-001699,B,C,B,C,C
mlvu-001700,D,C,D,D,C
mlvu-001701,B,D,B,D,D
mlvu-001702,C,A,C,C,A
mlvu-001703,B,C,A,B,C
mlvu-001704,B,D,D,D,D
mlvu-001705,C,C,C,C,C
mlvu-001706,D,D,D,A,D
mlvu-001707,C,D,C,C,B
mlvu-001708,A,C,C,A,C
mlvu-001709,B,B,B,B,A
mlvu-001710,C,C,C,C,D
mlvu-001711,A,A,A,A,C
mlvu-001712,A,A,A,A,D
mlvu-001713,D,D,D,D,C
mlvu-001714,B,B,B,B,B
mlvu-001715,D,D,D,D,B
mlvu-001716,B,A,B,B,A
mlvu-001717,D,D,D,D,B
mlvu-001718,D,D,D,D,D
mlvu-001719,A,A,A,A,B
mlvu-001720,C,C,C,C,D
mlvu-001721,D,D,D,D,D
mlvu-001722,B,A,B,A,C
mlvu-001723,A,A,A,A,C
mlvu-001724,A,A,A,A,A
mlvu-001725,D,D,D,D,D
mlvu-001726,A,A,A,A,D
mlvu-001727,D,D,D,D,D
mlvu-001728,C,A,C,C,A
mlvu-001729,B,B,B,B,C
mlvu-001730,D,D,D,D,D
mlvu-001731,C,C,C,C,C
mlvu-001732,B,B,C,B,C
mlvu-001733,C,C,C,C,D
mlvu-001734,B,A,A,B,A
mlvu-001735,C,C,C,C,D
mlvu-001736,D,D,D,D,C
mlvu-001737,B,B,B,B,D
mlvu-001738,B,B,B,B,B
mlvu-001739,A,A,A,A,D
mlvu-001740,C,C,C,C,A
mlvu-001741,D,D,D,D,D
mlvu-001742,A,A,A,A,D
mlvu-001743,A,A,A,A,C
mlvu-001744,B,B,B,B,B
mlvu-001745,C,C,C,C,A
mlvu-001746,D,D,D,D,A
mlvu-001747,C,C,C,C,C
mlvu-001748,D,D,D,D,D
mlvu-001749,C,C,C,C,D
mlvu-001750,B,D,D,B,D
mlvu-001751,A,A,A,A,D
mlvu-001752,A,A,A,A,C
mlvu-001753,C,C,C,C,B
mlvu-001754,D,D,D,D,D
mlvu-001755,D,D,D,D,D
mlvu-001756,C,C,C,C,C
mlvu-001757,A,A,A,A,B
mlvu-001758,D,D,D,D,D
mlvu-001759,D,D,D,D,D
mlvu-001760,D,D,D,D,D
mlvu-001761,A,A,A,A,A
mlvu-001762,A,A,A,A,D
mlvu-001763,D,D,D,D,D
mlvu-001764,A,A,A,A,D
mlvu-001765,D,A,A,A,A
mlvu-001766,D,C,C,D,C
mlvu-001767,D,D,D,D,D
mlvu-001768,A,A,A,A,C
mlvu-001769,C,C,C,C,C
mlvu-001770,B,B,C,B,C
mlvu-001771,C,C,C,C,C
mlvu-001772,C,C,C,C,C
mlvu-001773,B,B,B,B,B
mlvu-001774,A,C,C,C,B
mlvu-001775,A,A,A,A,B
mlvu-001776,B,B,B,B,B
mlvu-001777,B,B,B,B,B
mlvu-001778,A,A,A,A,C
mlvu-001779,B,B,B,B,A
mlvu-001780,C,C,C,C,D
mlvu-001781,B,B,B,B,B
mlvu-001782,D,D,D,D,D
mlvu-001783,A,A,A,A,B
mlvu-001784,B,B,B,B,B
mlvu-001785,C,C,C,C,C
mlvu-001786,A,A,A,A,C
mlvu-001787,A,C,A,A,C
mlvu-001788,B,D,D,B,C
mlvu-001789,D,C,D,D,C
mlvu-001790,A,A,A,A,D
mlvu-001791,A,A,A,A,D
mlvu-001792,A,A,A,A,A
mlvu-001793,C,C,C,C,C
mlvu-001794,B,B,B,B,D
mlvu-001795,D,D,D,D,D
mlvu-001796,C,C,C,C,C
mlvu-001797,C,C,C,C,D
mlvu-001798,A,A,A,A,B
mlvu-001799,C,C,C,C,C
mlvu-001800,C,C,C,C,D
mlvu-001801,C,C,C,C,D
mlvu-001802,B,B,B,B,B
mlvu-001803,B,B,A,B,B
mlvu-001804,A,A,A,A,A
mlvu-001805,C,C,C,C,C
mlvu-001806,B,B,B,B,B
mlvu-001807,D,D,D,D,C
mlvu-001808,A,A,A,A,D
mlvu-001809,B,B,B,B,D
mlvu-001810,D,D,D,D,C
mlvu-001811,C,C,C,C,B
mlvu-001812,A,D,D,A,D
mlvu-001813,C,C,C,C,D
mlvu-001814,A,A,A,A,D
mlvu-001815,A,B,A,A,B
mlvu-001816,D,D,D,D,D
mlvu-001817,A,A,A,A,C
mlvu-001818,D,B,D,D,C
mlvu-001819,C,D,C,C,C
mlvu-001820,D,D,D,D,C
mlvu-001821,D,D,D,D,D
mlvu-001822,A,D,A,A,D
mlvu-001823,D,D,D,D,A
mlvu-001824,C,C,C,C,D
mlvu-001825,A,A,A,A,D
mlvu-001826,B,B,B,B,D
mlvu-001827,B,B,B,B,D
mlvu-001828,C,C,C,C,C
mlvu-001829,B,B,B,B,D
mlvu-001830,A,A,A,A,C
mlvu-001831,A,A,A,A,B
mlvu-001832,A,A,A,A,B
mlvu-001833,B,B,B,B,D
mlvu-001834,A,A,A,A,B
mlvu-001835,D,D,D,D,C
mlvu-001836,B,B,B,B,A
mlvu-001837,C,C,C,C,A
mlvu-001838,B,B,B,B,B
mlvu-001839,D,D,D,D,D
mlvu-001840,D,D,D,D,D
mlvu-001841,C,C,C,C,D
mlvu-001842,C,C,C,C,D
mlvu-001843,B,B,B,B,B
mlvu-001844,D,B,B,D,B
mlvu-001845,B,B,B,B,A
mlvu-001846,C,C,C,C,D
mlvu-001847,D,D,D,D,D
mlvu-001848,D,D,D,D,C
mlvu-001849,B,B,B,B,C
mlvu-001850,C,C,C,C,C
mlvu-001851,B,C,A,A,D
mlvu-001852,A,A,A,A,B
mlvu-001853,B,B,B,B,B
mlvu-001854,C,C,C,C,A
mlvu-001855,A,A,A,A,B
mlvu-001856,B,B,B,B,D
mlvu-001857,D,C,D,D,C
mlvu-001858,C,C,C,C,B
mlvu-001859,D,C,C,D,B
mlvu-001860,D,D,D,D,D
mlvu-001861,C,C,C,C,C
mlvu-001862,A,A,A,A,D
mlvu-001863,C,C,C,C,D
mlvu-001864,B,B,B,B,A
mlvu-001865,A,C,A,A,D
mlvu-001866,A,B,A,A,D
mlvu-001867,D,D,D,D,C
mlvu-001868,D,D,D,D,D
mlvu-001869,B,B,B,B,A
mlvu-001870,D,D,D,D,D
mlvu-001871,B,D,D,D,D
mlvu-001872,C,C,C,C,D
mlvu-001873,D,C,C,C,D
mlvu-001874,D,D,D,D,D
mlvu-001875,A,A,A,A,A
mlvu-001876,D,D,D,D,D
mlvu-001877,D,D,D,D,D
mlvu-001878,B,B,B,B,D
mlvu-001879,B,B,B,B,B
mlvu-001880,B,B,B,B,D
mlvu-001881,A,A,A,A,B
mlvu-001882,D,D,D,D,C
mlvu-001883,D,D,D,D,C
mlvu-001884,C,C,C,C,D
mlvu-001885,D,D,D,D,C
mlvu-001886,C,C,C,C,D
mlvu-001887,A,A,A,A,A
mlvu-001888,C,C,C,C,C
mlvu-001889,D,D,D,D,A
mlvu-001890,D,B,C,D,B
mlvu-001891,A,A,A,A,D
mlvu-001892,B,B,B,B,C
mlvu-001893,B,B,B,B,A
mlvu-001894,C,C,C,C,D
mlvu-001895,B,A,B,B,D
mlvu-001896,D,D,D,D,C
mlvu-001897,B,B,B,B,B
mlvu-001898,A,A,A,A,C
mlvu-001899,C,A,C,C,D
mlvu-001900,A,A,A,A,C
mlvu-001901,B,B,B,B,C
mlvu-001902,D,D,D,D,D
mlvu-001903,C,C,C,C,C
mlvu-001904,B,B,D,B,D
mlvu-001905,C,C,C,C,C
mlvu-001906,B,B,B,B,C
mlvu-001907,A,A,A,A,A
mlvu-001908,B,B,D,C,D
mlvu-001909,C,C,C,C,D
mlvu-001910,C,D,D,D,D
mlvu-001911,C,C,C,C,D
mlvu-001912,A,A,A,A,A
mlvu-001913,D,A,A,A,A
mlvu-001914,D,D,D,D,C
mlvu-001915,B,B,B,B,B
mlvu-001916,D,D,D,D,C
mlvu-001917,D,A,D,D,C
mlvu-001918,D,D,D,D,D
mlvu-001919,B,B,B,B,B
mlvu-001920,B,B,C,B,B
mlvu-001921,C,C,C,C,D
mlvu-001922,A,A,A,A,A
mlvu-001923,C,C,C,C,C
mlvu-001924,B,B,B,B,C
mlvu-001925,A,A,A,A,B
mlvu-001926,A,D,A,A,D
mlvu-001927,C,C,C,C,C
mlvu-001928,C,C,C,C,D
mlvu-001929,C,C,C,C,C
mlvu-001930,B,B,B,B,D
mlvu-001931,D,D,D,D,C
mlvu-001932,A,A,A,A,A
mlvu-001933,A,A,A,A,A
mlvu-001934,D,D,D,D,D
mlvu-001935,B,B,B,B,B
mlvu-001936,B,B,B,D,B
mlvu-001937,A,A,A,A,D
mlvu-001938,B,B,B,B,B
mlvu-001939,A,B,B,B,B
mlvu-001940,D,D,D,A,D
mlvu-001941,D,D,D,D,B
mlvu-001942,B,A,A,B,B
mlvu-001943,C,C,C,C,D
mlvu-001944,B,B,B,B,D
mlvu-001945,B,C,B,B,A
mlvu-001946,A,A,A,A,B
mlvu-001947,D,D,D,D,D
mlvu-001948,A,A,A,A,D
mlvu-001949,D,D,D,D,C
mlvu-001950,A,A,A,A,C
mlvu-001951,A,D,D,C,D
mlvu-001952,A,A,A,A,B
mlvu-001953,C,C,C,C,C
mlvu-001954,A,A,A,A,D
mlvu-001955,A,A,A,A,C
mlvu-001956,A,A,A,A,A
mlvu-001957,C,C,C,C,C
mlvu-001958,D,D,B,A,D
mlvu-001959,D,D,D,D,B
mlvu-001960,D,D,D,D,C
mlvu-001961,C,C,C,C,C
mlvu-001962,D,D,D,B,D
mlvu-001963,A,A,A,A,D
mlvu-001964,C,C,C,C,D
mlvu-001965,A,A,A,A,B
mlvu-001966,A,A,A,B,C
mlvu-001967,D,D,D,D,B
mlvu-001968,B,B,B,B,C
mlvu-001969,A,A,A,A,A
mlvu-001970,D,D,D,D,C
mlvu-001971,D,D,D,D,A
mlvu-001972,B,B,B,B,B
mlvu-001973,A,A,A,A,D
mlvu-001974,C,C,C,C,C
mlvu-001975,A,A,A,A,B
mlvu-001976,A,A,A,A,A
mlvu-001977,B,C,C,B,C
mlvu-001978,D,D,D,D,D
mlvu-001979,A,A,A,A,B
mlvu-001980,A,A,A,A,A
mlvu-001981,A,A,A,A,A
mlvu-001982,D,D,D,D,D
mlvu-001983,B,C,B,C,D
mlvu-001984,A,A,A,A,A
mlvu-001985,C,C,C,C,C
mlvu-001986,C,C,C,C,C
mlvu-001987,D,D,D,D,A
mlvu-001988,B,B,B,B,B
mlvu-001989,B,B,B,B,B
mlvu-001990,A,C,A,A,A
mlvu-001991,A,A,A,A,A
mlvu-001992,B,B,B,B,B
mlvu-001993,A,D,D,D,B
mlvu-001994,B,B,B,B,D
mlvu-001995,B,B,B,B,B
mlvu-001996,B,B,B,B,B
mlvu-001997,C,C,C,C,C
mlvu-001998,B,B,B,B,B
mlvu-001999,A,A,A,A,A
mlvu-002000,D,D,D,D,D
mlvu-002001,C,A,C,B,A
mlvu-002002,D,D,D,D,D
mlvu-002003,A,C,C,C,C
mlvu-002004,A,D,A,A,A
mlvu-002005,B,B,B,B,D
mlvu-002006,C,C,C,C,A
mlvu-002007,D,D,D,D,D
mlvu-002008,B,B,B,B,B
mlvu-002009,C,C,C,C,A
mlvu-002010,B,B,B,B,A
mlvu-002011,B,B,B,B,B
mlvu-002012,A,A,A,A,D
mlvu-002013,D,D,D,D,D
mlvu-002014,B,B,B,B,B
mlvu-002015,B,B,B,B,C
mlvu-002016,B,B,B,B,C
mlvu-002017,D,D,D,D,D
mlvu-002018,B,B,B,B,B
mlvu-002019,D,D,D,D,D
mlvu-002020,D,D,D,D,C
mlvu-002021,A,A,A,A,D
mlvu-002022,D,B,B,D,B
mlvu-002023,C,C,C,C,C
mlvu-002024,A,A,A,A,A
mlvu-002025,B,B,B,B,B
mlvu-002026,D,D,D,D,B
mlvu-002027,B,B,B,B,B
mlvu-002028,C,C,C,C,B
mlvu-002029,B,B,B,B,B
mlvu-002030,C,C,C,C,C
mlvu-002031,C,C,C,C,B
mlvu-002032,C,C,A,A,C
mlvu-002033,B,B,B,B,B
mlvu-002034,B,B,B,B,B
mlvu-002035,C,C,C,C,C
mlvu-002036,B,B,B,B,B
mlvu-002037,B,B,B,B,D
mlvu-002038,C,C,C,C,B
mlvu-002039,A,A,A,A,A
mlvu-002040,A,A,A,A,A
mlvu-002041,D,D,D,D,B
mlvu-002042,B,B,B,B,B
mlvu-002043,B,B,B,B,C
mlvu-002044,C,C,C,C,C
mlvu-002045,A,A,A,A,C
mlvu-002046,C,C,C,C,C
mlvu-002047,B,B,B,B,A
mlvu-002048,D,D,D,D,B
mlvu-002049,B,B,B,B,B
mlvu-002050,C,C,C,C,A
mlvu-002051,C,C,C,C,D
mlvu-002052,A,A,A,A,C
mlvu-002053,D,D,D,D,C
mlvu-002054,C,C,C,C,C
mlvu-002055,A,A,A,A,A
mlvu-002056,A,A,A,A,B
mlvu-002057,D,D,D,D,C
mlvu-002058,A,A,A,A,C
mlvu-002059,C,C,C,C,C
mlvu-002060,D,D,D,D,D
mlvu-002061,D,D,D,D,D
mlvu-002062,B,B,B,B,A
mlvu-002063,C,A,C,A,A
mlvu-002064,D,D,D,D,D
mlvu-002065,D,D,D,D,B
mlvu-002066,C,C,C,C,B
mlvu-002067,D,D,D,D,B
mlvu-002068,A,A,A,A,B
mlvu-002069,A,A,A,A,A
mlvu-002070,B,B,B,B,A
mlvu-002071,A,A,A,A,B
mlvu-002072,C,C,C,C,B
mlvu-002073,C,B,C,C,B
mlvu-002074,B,B,B,B,B
mlvu-002075,A,A,A,A,B
mlvu-002076,D,D,D,D,C
mlvu-002077,D,D,C,A,C
mlvu-002078,A,A,A,A,B
mlvu-002079,C,C,C,C,C
mlvu-002080,C,C,C,C,D
mlvu-002081,C,C,C,C,D
mlvu-002082,C,C,C,C,B
mlvu-002083,A,C,B,C,C
mlvu-002084,B,B,B,B,B
mlvu-002085,B,B,B,B,B
mlvu-002086,B,B,B,B,C
mlvu-002087,D,D,D,D,B
mlvu-002088,A,A,A,A,B
mlvu-002089,C,C,C,C,C
mlvu-002090,B,A,B,B,B
mlvu-002091,A,A,A,A,B
mlvu-002092,D,D,D,D,D
mlvu-002093,C,C,C,C,C
mlvu-002094,D,D,D,D,B
mlvu-002095,A,A,A,A,A
mlvu-002096,A,A,A,A,C
mlvu-002097,A,A,C,A,D
mlvu-002098,C,C,C,C,B
mlvu-002099,A,A,A,A,A
mlvu-002100,D,D,D,D,B
mlvu-002101,B,B,B,B,B
mlvu-002102,B,B,B,B,C
mlvu-002103,C,B,C,C,A
mlvu-002104,D,D,D,D,B
mlvu-002105,C,C,C,C,C
mlvu-002106,C,C,C,C,C
mlvu-002107,B,B,B,B,B
mlvu-002108,D,D,D,D,D
mlvu-002109,C,C,C,C,D
mlvu-002110,C,C,C,C,B
mlvu-002111,C,C,C,C,C
mlvu-002112,B,B,B,B,C
mlvu-002113,B,B,B,B,B
mlvu-002114,C,C,C,C,D
mlvu-002115,A,C,A,A,C
mlvu-002116,A,A,A,A,D
mlvu-002117,B,B,B,B,B
mlvu-002118,D,D,D,D,B
mlvu-002119,B,B,B,B,D
mlvu-002120,D,D,D,D,D
mlvu-002121,A,A,A,A,B
mlvu-002122,B,B,B,B,D
mlvu-002123,D,D,D,D,D
mlvu-002124,A,A,A,A,A
mlvu-002125,D,D,D,D,C
mlvu-002126,C,C,C,C,D
mlvu-002127,D,D,D,D,D
mlvu-002128,D,D,D,D,B
mlvu-002129,B,B,B,B,D
mlvu-002130,C,C,B,C,B
mlvu-002131,C,C,C,C,C
mlvu-002132,C,A,C,C,D
mlvu-002133,A,A,A,A,A
mlvu-002134,D,D,D,D,C
mlvu-002135,B,B,B,B,B
mlvu-002136,B,B,B,B,B
mlvu-002137,A,A,A,A,B
mlvu-002138,D,D,D,D,D
mlvu-002139,A,A,A,A,A
mlvu-002140,B,B,B,B,B
mlvu-002141,A,A,A,A,A
mlvu-002142,D,D,D,D,C
mlvu-002143,C,C,C,C,B
mlvu-002144,C,C,C,C,D
mlvu-002145,D,D,D,D,D
mlvu-002146,B,B,B,B,B
mlvu-002147,B,A,D,B,D
mlvu-002148,D,D,D,D,D
mlvu-002149,C,C,D,D,D
mlvu-002150,A,A,A,A,C
mlvu-002151,B,B,B,B,B
mlvu-002152,C,A,A,D,A
mlvu-002153,A,A,A,A,A
mlvu-002154,A,C,A,A,C
mlvu-002155,D,D,D,D,C
mlvu-002156,A,A,A,A,B
mlvu-002157,D,D,A,D,A
mlvu-002158,B,B,B,B,B
mlvu-002159,A,A,A,A,B
mlvu-002160,C,C,C,C,D
mlvu-002161,B,B,B,B,B
mlvu-002162,B,B,B,B,B
mlvu-002163,D,D,D,D,B
mlvu-002164,A,D,A,A,C
mlvu-002165,A,C,A,A,C
mlvu-002166,B,B,B,B,B
mlvu-002167,D,D,D,D,C
mlvu-002168,B,C,C,B,A
mlvu-002169,B,B,B,B,C
