sample_id,128f_151k,128f_76k,16f_151k,256f_151k,32f_151k,32f_302k,64f_151k,64f_235k,64f_360k,64f_76k,textonly
001-1,B,D,C,D,C,C,B,B,B,A,C
001-2,A,A,A,A,A,A,A,A,A,A,A
001-3,B,D,C,C,C,C,C,D,D,C,C
002-1,C,C,C,C,C,C,C,C,C,C,D
002-2,A,A,A,A,A,A,A,A,A,A,A
002-3,B,B,B,B,B,B,B,B,B,B,D
003-1,C,C,C,C,C,C,C,C,C,C,B
003-2,C,C,C,C,C,C,C,C,C,C,C
003-3,D,D,D,D,D,D,D,D,D,D,D
005-1,B,B,B,B,B,B,B,B,B,B,B
005-2,B,B,B,B,B,B,B,B,B,B,B
005-3,B,B,B,B,B,B,B,B,B,B,B
006-1,D,D,D,D,D,D,D,D,D,D,C
006-2,A,A,A,A,A,A,A,A,A,A,A
006-3,A,B,B,A,A,A,B,A,A,B,A
007-1,A,D,A,D,A,D,A,D,D,A,D
007-2,D,C,C,D,B,B,D,C,D,C,B
007-3,A,A,B,A,A,A,A,A,A,A,A
008-1,D,B,B,D,B,D,C,C,C,D,D
008-2,A,A,C,A,C,C,A,A,A,A,D
008-3,C,C,B,C,B,B,C,C,C,C,B
009-1,A,A,A,A,A,A,A,A,A,A,B
009-2,B,B,B,B,B,B,B,B,B,B,D
009-3,B,C,B,B,B,B,B,B,B,B,B
010-1,B,B,B,B,B,B,B,B,B,B,B
010-2,B,A,B,C,D,A,B,B,B,D,D
010-3,A,A,A,A,A,D,A,A,A,A,B
011-1,C,C,C,C,C,C,C,C,C,C,A
011-2,B,B,B,D,B,B,B,B,B,B,C
011-3,C,C,C,A,C,C,A,A,A,A,D
012-1,B,B,B,B,B,B,B,B,B,B,D
012-2,C,C,C,C,C,C,C,C,C,C,C
012-3,D,D,D,D,D,D,D,D,D,D,C
013-1,C,C,C,C,C,C,C,C,C,C,B
013-2,A,A,B,A,A,A,A,A,A,A,D
013-3,A,A,B,A,A,A,A,A,A,A,D
014-1,D,D,D,D,D,D,D,D,D,D,D
014-2,D,D,D,D,D,D,D,D,D,D,C
014-3,B,B,A,B,B,B,B,B,B,B,A
015-1,A,A,A,A,A,A,A,A,A,A,C
015-2,A,A,D,A,D,D,D,A,A,D,D
015-3,B,B,B,B,B,B,B,B,B,B,A
017-1,C,C,D,C,C,B,C,D,D,C,D
017-2,C,C,C,C,C,C,C,C,C,C,D
017-3,A,A,A,A,A,A,A,A,A,A,D
018-1,D,D,D,D,D,D,D,D,D,D,D
018-2,B,B,D,B,B,D,B,B,B,B,D
018-3,C,C,C,C,C,C,C,C,C,C,C
019-1,C,C,C,C,C,C,C,C,C,C,C
019-2,C,C,C,B,B,C,C,B,B,B,B
019-3,C,C,C,C,C,C,C,C,C,C,D
020-1,A,A,A,A,A,A,A,A,A,A,A
020-2,B,B,B,B,D,D,B,B,B,B,B
020-3,C,C,C,C,C,C,C,C,C,B,C
021-1,A,A,A,A,A,A,A,A,A,A,A
021-2,B,B,C,B,B,B,B,B,B,B,A
021-3,C,C,C,C,C,C,C,C,C,C,D
022-1,B,C,C,C,C,C,C,C,C,C,C
022-2,A,A,A,A,A,A,A,A,A,A,D
022-3,D,D,D,D,D,D,D,D,D,D,D
023-1,C,C,C,C,C,C,C,C,C,C,C
023-2,A,A,A,A,A,A,A,A,A,A,C
023-3,C,C,C,C,C,C,C,C,C,C,D
024-1,A,A,D,A,A,A,A,A,A,A,D
024-2,B,A,A,B,A,A,A,A,A,B,B
024-3,B,B,B,B,B,B,B,B,B,B,A
025-1,B,B,B,B,B,B,B,B,B,B,A
025-2,C,C,C,C,C,C,C,C,C,C,C
025-3,A,A,A,A,A,A,A,A,A,A,B
026-1,C,C,C,C,C,C,C,C,C,C,A
026-2,A,A,A,A,A,A,A,A,A,A,C
026-3,D,D,D,D,D,D,D,D,D,D,D
027-1,A,A,A,A,A,A,A,A,A,A,C
027-2,C,C,C,C,C,C,C,C,C,C,B
027-3,B,B,B,B,B,B,B,B,B,B,C
028-1,D,D,D,D,D,D,D,D,D,D,C
028-2,B,B,B,B,B,B,B,B,B,B,C
028-3,D,D,D,D,D,C,D,C,C,D,C
029-1,C,C,C,C,C,C,C,C,C,C,A
029-2,B,B,B,B,B,B,B,B,B,B,B
029-3,D,D,D,D,D,D,D,D,D,D,C
030-1,A,A,A,A,A,A,A,A,A,A,A
030-2,D,D,D,D,D,D,D,D,D,D,C
030-3,B,B,B,B,B,B,B,B,B,B,B
031-1,D,D,D,D,D,D,D,D,D,D,D
031-2,B,B,B,B,B,B,B,B,B,B,B
031-3,A,A,A,A,A,A,A,A,A,A,A
032-1,B,B,B,B,B,B,B,B,B,B,D
032-2,A,B,A,B,B,B,B,B,B,B,B
032-3,C,C,C,C,C,C,C,C,C,C,C
034-1,D,D,D,D,C,C,D,C,C,C,D
034-2,D,D,D,D,D,D,D,D,D,A,D
034-3,B,B,B,B,B,B,B,B,B,B,D
035-1,C,C,C,C,C,B,C,B,B,C,C
035-2,D,D,A,D,D,D,D,D,D,A,A
035-3,C,C,C,C,C,C,C,C,C,C,C
036-1,A,A,A,A,A,A,A,A,A,A,C
036-2,D,D,B,D,D,D,D,D,D,D,B
036-3,D,D,D,D,D,D,D,D,D,D,D
037-1,D,D,A,D,D,B,D,D,D,D,D
037-2,C,C,C,C,C,C,C,C,C,C,B
037-3,D,D,D,D,D,D,D,D,D,D,D
038-1,A,A,A,A,A,A,A,A,A,A,A
038-2,C,C,A,C,A,C,C,C,C,A,C
038-3,A,A,A,A,A,A,A,A,A,A,D
040-1,C,C,C,C,C,C,C,C,C,C,A
040-2,C,C,B,B,C,C,C,C,C,C,C
040-3,B,B,B,B,B,B,B,B,B,B,B
041-1,A,A,A,A,A,A,A,A,A,A,D
041-2,A,A,D,A,D,D,A,A,A,A,D
041-3,D,D,D,D,D,D,D,D,D,D,B
042-1,A,A,A,A,A,A,A,A,A,A,A
042-2,C,C,C,C,C,C,C,C,C,C,C
042-3,A,A,A,A,A,A,A,A,A,A,C
043-1,D,D,A,D,D,D,D,D,D,A,C
043-2,C,C,C,C,C,C,C,C,C,C,A
043-3,B,B,B,B,B,B,B,B,B,B,C
044-1,A,A,A,A,A,A,A,A,A,A,D
044-2,B,B,B,B,D,C,B,C,B,C,A
044-3,D,D,D,D,D,D,D,D,D,D,C
045-1,C,C,C,C,C,C,C,C,C,C,C
045-2,B,B,B,B,B,B,B,B,B,B,B
045-3,A,A,A,A,A,A,A,A,A,A,B
046-1,B,B,B,B,B,B,B,B,B,B,A
046-2,A,A,D,A,A,A,A,A,A,A,B
046-3,D,D,D,D,D,D,D,D,D,D,A
047-1,A,A,A,A,A,A,A,A,A,A,C
047-2,B,B,A,B,A,A,B,B,B,B,D
047-3,C,C,C,C,C,C,C,C,C,C,C
048-1,D,D,D,D,D,D,D,D,D,D,D
048-2,A,A,A,A,A,A,A,A,A,A,A
048-3,B,B,B,B,B,B,B,B,B,B,B
049-1,C,C,C,C,C,C,C,C,C,C,C
049-2,B,B,B,B,B,B,B,B,B,B,B
049-3,D,D,D,D,D,D,D,D,D,D,C
050-1,A,A,A,A,A,A,A,A,A,A,B
050-2,D,D,D,D,D,D,D,D,D,D,C
050-3,B,B,B,B,B,B,B,B,B,B,B
051-1,D,D,D,D,D,D,D,D,D,D,D
051-2,A,A,A,A,A,A,A,A,A,A,C
051-3,C,C,A,C,C,C,C,C,C,C,A
052-1,D,D,D,D,D,D,D,D,D,D,D
052-2,A,A,A,A,A,A,A,A,A,B,C
052-3,A,A,A,A,A,A,A,A,A,A,D
053-1,D,D,D,C,D,D,C,D,D,D,D
053-2,A,D,A,A,A,D,A,A,A,A,D
053-3,C,C,C,C,C,C,C,C,C,C,C
054-1,B,B,B,B,B,B,B,B,B,B,B
054-2,C,C,C,C,C,C,C,C,C,C,C
054-3,B,B,B,B,B,B,B,B,B,B,B
055-1,B,A,A,B,A,A,B,A,A,A,D
055-2,D,D,D,D,D,D,D,D,D,D,D
055-3,D,D,D,D,D,D,D,D,D,D,D
056-1,B,B,A,B,B,B,B,B,B,B,B
056-2,B,B,B,B,B,B,B,B,B,B,B
056-3,D,D,D,D,D,D,D,D,D,D,D
057-1,C,C,C,C,C,C,C,C,C,C,C
057-2,A,A,A,A,A,A,A,A,A,A,A
057-3,B,B,B,C,B,B,B,B,B,B,B
058-1,B,B,B,B,B,B,B,B,B,B,B
058-2,D,D,D,D,D,D,D,D,D,D,A
058-3,C,C,B,B,C,B,C,C,C,C,B
059-1,A,A,A,A,A,A,A,A,A,A,B
059-2,B,B,B,B,B,B,B,B,B,B,A
059-3,B,B,A,B,B,B,B,B,B,B,A
060-1,D,D,D,D,D,D,D,D,D,D,A
060-2,A,A,A,A,A,A,A,A,A,A,A
060-3,B,B,B,D,B,B,B,B,B,B,D
061-1,D,D,D,D,D,D,D,D,D,D,D
061-2,C,C,D,C,D,D,C,C,C,C,B
061-3,A,A,A,A,A,A,A,A,A,A,D
062-1,C,C,C,C,C,C,C,C,C,C,C
062-2,B,B,B,B,B,B,B,B,B,B,C
062-3,C,C,C,C,C,C,C,C,C,C,B
063-1,A,D,D,A,D,D,D,D,D,D,D
063-2,D,D,D,D,D,D,D,D,D,D,D
063-3,B,B,B,B,B,B,B,B,B,B,B
064-1,C,C,C,C,C,C,C,C,C,C,C
064-2,A,A,A,A,C,A,A,A,A,A,C
064-3,D,D,D,D,D,D,D,D,D,D,D
065-1,B,B,B,B,B,B,B,B,B,B,C
065-2,C,C,B,C,B,C,B,C,C,C,C
065-3,B,A,D,B,A,A,A,A,A,A,D
066-1,D,D,D,D,D,D,D,D,D,D,C
066-2,B,B,A,B,B,B,B,B,B,B,D
066-3,C,C,B,C,C,B,C,B,B,C,D
067-1,A,A,A,A,A,A,A,A,A,A,A
067-2,D,D,D,D,D,D,D,D,D,D,D
067-3,B,B,B,B,B,B,B,B,B,B,B
069-1,B,B,B,B,B,B,B,B,B,B,B
069-2,C,C,C,C,C,C,C,C,C,C,B
069-3,A,A,A,A,A,A,A,A,A,A,A
070-1,D,D,D,D,D,D,D,D,D,D,D
070-2,B,B,B,B,B,D,B,B,B,B,D
070-3,C,C,C,C,C,C,C,C,C,C,C
071-1,B,B,B,B,B,B,B,B,B,B,B
071-2,C,C,B,C,B,B,C,C,C,C,B
071-3,B,B,B,C,B,B,B,A,A,B,B
072-1,A,A,A,D,A,A,A,D,A,A,B
072-2,D,D,D,D,D,D,D,D,D,D,D
072-3,B,B,B,B,B,B,B,B,B,B,B
073-1,D,D,B,D,D,D,D,D,D,D,A
073-2,B,B,B,B,B,B,B,B,B,B,A
073-3,C,C,C,C,C,C,C,C,C,C,D
074-1,C,B,B,C,B,B,B,B,B,B,B
074-2,A,A,A,A,A,A,A,A,A,A,B
074-3,B,B,B,B,B,B,B,B,B,B,D
075-1,B,B,B,B,B,B,B,B,B,B,B
075-2,C,C,C,C,C,C,C,C,C,C,D
075-3,A,A,A,A,A,A,A,A,A,A,B
076-1,D,D,D,D,D,D,D,D,D,D,D
076-2,C,C,B,C,C,B,C,C,C,C,A
076-3,C,C,C,C,C,C,C,C,C,C,C
077-1,A,A,A,A,A,A,A,A,A,A,B
077-2,B,A,B,B,B,B,B,A,A,A,B
077-3,B,B,B,B,B,B,B,B,B,B,B
078-1,C,C,C,C,C,C,C,C,C,C,D
078-2,A,A,A,A,A,A,A,A,A,A,A
078-3,D,D,D,D,D,D,D,D,D,D,D
079-1,B,B,B,B,B,B,B,B,B,B,D
079-2,C,C,C,C,C,C,C,C,C,C,C
079-3,A,A,A,A,A,A,A,A,A,A,A
080-1,C,C,C,C,C,C,C,C,C,C,C
080-2,D,D,B,D,B,B,B,B,B,B,B
080-3,C,C,C,C,C,C,C,C,C,C,C
081-1,B,B,B,B,B,B,B,B,B,B,B
081-2,B,B,B,B,D,D,B,B,B,B,B
081-3,A,A,A,A,A,A,A,A,A,A,B
082-1,A,B,B,A,B,B,A,B,B,B,B
082-2,B,B,B,B,B,B,B,B,B,B,B
082-3,A,A,A,A,A,A,A,A,A,A,B
085-1,B,B,B,B,B,B,B,B,B,B,A
085-2,B,B,A,B,A,A,B,B,B,B,B
085-3,D,D,D,D,D,D,D,D,D,D,D
087-1,C,C,A,C,C,C,C,C,C,C,C
087-2,A,D,D,D,D,D,D,D,D,D,D
087-3,C,C,C,C,D,C,C,C,C,C,A
088-1,A,A,A,A,A,A,A,A,A,A,A
088-2,C,C,C,C,C,C,C,C,C,C,C
088-3,D,D,D,D,D,D,D,D,D,D,D
089-1,C,C,C,C,C,C,C,C,C,C,C
089-2,A,A,A,A,C,C,A,A,A,A,C
089-3,D,D,D,D,D,D,D,D,D,D,D
090-1,B,B,B,B,B,B,B,B,B,B,B
090-2,D,D,D,D,D,D,D,D,D,D,A
090-3,B,B,D,B,C,C,B,B,B,B,A
091-1,D,D,D,D,D,D,D,D,D,D,D
091-2,A,A,A,A,A,A,A,A,A,A,B
091-3,A,A,A,A,B,A,A,A,A,B,A
092-1,B,B,B,B,B,B,B,B,B,B,D
092-2,D,D,D,D,D,D,D,D,D,D,D
092-3,C,C,B,C,C,C,C,C,C,C,B
094-1,A,A,A,A,A,A,A,A,A,A,A
094-2,C,C,A,C,C,A,C,A,C,C,A
094-3,A,D,A,A,A,A,A,D,A,A,A
095-1,C,C,C,C,C,C,C,C,C,C,C
095-2,D,D,D,D,D,D,D,D,B,D,D
095-3,D,D,C,D,B,B,D,B,D,D,C
096-1,B,B,B,B,B,B,B,B,B,B,B
096-2,A,A,A,A,A,A,A,A,A,A,D
096-3,D,D,A,D,A,D,D,D,D,D,D
097-1,C,C,C,C,C,C,C,C,C,C,B
097-2,C,C,C,C,C,C,C,C,C,C,B
097-3,D,D,D,D,D,D,D,D,D,D,D
098-1,A,A,B,A,A,A,A,A,A,A,D
098-2,D,D,D,D,B,B,D,D,D,D,B
098-3,B,B,B,B,B,B,B,B,B,B,C
099-1,B,B,B,B,B,B,B,B,B,A,B
099-2,A,A,A,A,A,A,A,A,A,A,A
099-3,C,C,C,C,C,C,C,C,C,C,C
100-1,D,D,D,D,D,D,D,D,D,D,D
100-2,B,B,A,B,B,B,B,B,B,B,A
100-3,A,A,A,A,A,A,A,A,A,A,A
101-1,A,A,B,A,A,A,A,A,A,A,B
101-2,A,A,D,A,A,A,A,A,A,A,D
101-3,B,A,A,B,A,A,A,A,B,A,B
103-1,A,A,B,A,B,B,A,A,A,A,B
103-2,C,C,C,C,C,C,C,C,C,C,C
103-3,A,A,D,A,D,D,D,A,A,D,D
104-1,A,A,A,A,A,A,A,A,A,A,B
104-2,C,C,D,C,D,D,D,D,D,D,D
104-3,C,C,C,C,C,C,C,C,C,C,D
105-1,B,B,B,B,B,B,B,B,B,B,B
105-2,D,D,D,D,D,D,D,D,D,D,D
105-3,D,D,C,D,C,C,C,D,D,C,D
106-1,A,A,C,A,C,C,A,C,A,C,A
106-2,A,A,A,A,A,A,A,A,A,A,D
106-3,D,D,D,D,D,D,D,D,D,D,B
107-1,D,D,D,D,D,D,D,D,D,D,C
107-2,C,C,D,C,C,C,C,C,C,C,C
107-3,A,A,A,A,A,A,A,A,A,A,B
108-1,A,C,A,C,A,C,A,C,C,A,B
108-2,B,B,B,B,B,B,B,B,B,B,C
108-3,D,D,D,D,B,D,A,D,D,D,D
109-1,A,A,A,A,A,A,A,A,A,A,A
109-2,B,B,D,B,B,D,D,B,B,D,D
109-3,C,C,C,C,C,C,C,C,C,C,C
110-1,B,B,B,B,B,B,B,B,B,B,A
110-2,D,D,D,D,D,D,D,D,D,D,D
110-3,C,C,B,B,B,B,B,B,B,B,B
111-1,B,A,B,A,B,B,A,B,B,A,C
111-2,B,B,B,B,B,B,B,B,B,B,B
111-3,C,C,B,C,B,B,B,C,C,B,C
112-1,B,B,A,B,A,B,B,B,B,B,B
112-2,C,C,C,C,C,C,C,C,C,C,C
112-3,D,D,D,D,D,D,D,D,D,D,B
113-1,A,A,B,A,A,B,A,A,A,A,D
113-2,C,C,D,D,D,D,C,C,C,C,D
113-3,B,B,B,B,B,B,B,B,B,B,D
114-1,D,D,D,D,D,D,D,D,D,D,B
114-2,B,B,B,B,B,B,B,B,B,B,B
114-3,B,B,D,B,B,B,B,D,D,D,D
115-1,D,D,D,D,D,D,D,D,D,D,B
115-2,B,B,B,B,B,B,B,B,B,B,C
115-3,B,B,B,B,B,B,B,B,B,B,B
117-1,A,A,A,A,A,A,A,A,A,A,C
117-2,C,C,C,C,C,C,C,C,C,C,C
117-3,D,D,D,A,A,A,A,A,A,A,D
119-1,A,A,B,A,A,B,A,A,B,A,B
119-2,C,C,B,C,B,D,C,C,C,C,B
119-3,A,A,A,A,A,A,A,A,A,A,D
120-1,B,B,B,B,B,B,B,B,B,B,C
120-2,D,D,D,D,D,D,D,D,D,D,B
120-3,B,D,D,B,D,D,D,D,D,D,A
121-1,B,B,B,B,B,B,B,B,B,B,D
121-2,D,D,D,D,D,D,D,D,D,D,A
121-3,D,D,D,D,D,D,D,D,D,D,D
124-1,D,D,D,D,D,D,D,D,D,D,B
124-2,D,D,D,D,D,D,D,D,D,D,D
124-3,C,C,C,C,C,C,C,C,C,C,D
125-1,C,C,C,C,C,C,C,C,C,C,C
125-2,A,A,A,A,A,A,A,A,A,A,A
125-3,B,B,A,A,B,A,A,B,B,B,B
126-1,D,D,D,D,D,D,D,D,D,D,D
126-2,B,B,B,B,B,B,B,B,B,B,D
126-3,B,B,B,B,B,B,B,B,B,B,C
127-1,C,C,C,C,C,C,C,C,C,C,D
127-2,D,D,D,D,D,D,D,D,D,D,D
127-3,A,A,A,A,A,D,D,D,D,D,A
128-1,A,A,A,A,A,A,A,A,A,A,C
128-2,A,A,A,A,A,A,A,A,A,A,D
128-3,C,C,C,C,C,C,C,C,C,C,C
129-1,B,B,B,B,B,B,B,B,B,B,B
129-2,D,D,D,D,D,D,D,D,D,D,A
129-3,B,B,B,B,B,B,B,B,B,B,B
130-1,A,A,A,A,A,A,A,A,A,A,B
130-2,B,B,B,B,B,B,B,B,B,B,B
130-3,B,B,B,B,B,B,B,B,B,B,B
131-1,C,C,C,B,C,C,B,C,C,C,B
131-2,A,A,A,A,A,A,A,A,A,A,D
131-3,A,C,A,C,A,C,C,A,A,C,A
132-1,D,D,D,D,D,D,D,D,D,D,D
132-2,D,D,B,D,B,B,B,D,D,D,D
132-3,B,B,B,A,B,D,B,D,D,B,C
133-1,C,A,C,C,C,A,C,C,C,A,B
133-2,C,A,A,C,C,A,C,A,A,A,D
133-3,D,D,D,D,D,D,D,D,D,D,D
135-1,C,C,C,C,C,C,C,C,C,C,D
135-2,B,B,B,B,B,B,B,B,B,B,B
135-3,B,B,B,B,B,B,B,B,B,B,A
136-1,B,B,B,B,B,A,B,C,C,B,A
136-2,A,A,A,A,A,A,B,A,A,B,A
136-3,B,B,B,B,A,B,B,B,B,B,C
137-1,B,B,B,B,B,B,B,B,B,B,B
137-2,C,C,C,C,C,C,C,C,C,C,D
137-3,D,D,C,D,A,D,D,D,D,D,B
138-1,D,D,D,D,D,D,D,D,D,D,A
138-2,B,B,B,B,A,B,B,B,B,B,A
138-3,B,B,A,B,B,B,B,D,B,B,D
139-1,C,C,C,C,C,C,C,C,C,C,B
139-2,D,D,D,D,D,D,D,D,D,D,D
139-3,B,A,B,B,B,A,B,B,A,B,B
140-1,B,B,B,B,B,B,B,B,B,B,A
140-2,A,A,D,A,A,A,A,A,A,A,B
140-3,D,B,B,D,D,D,D,D,B,B,D
141-1,C,B,C,C,C,B,C,C,C,B,D
141-2,C,C,C,C,C,C,C,C,C,C,C
141-3,A,A,A,A,A,A,A,A,A,A,B
142-1,C,C,C,C,C,C,C,C,C,C,D
142-2,B,B,D,B,D,B,B,D,D,B,D
142-3,B,B,B,B,B,D,B,B,B,B,D
143-1,C,B,C,C,B,B,C,C,C,B,D
143-2,B,B,B,B,B,B,B,B,B,B,D
143-3,D,D,D,D,D,D,D,D,D,D,B
144-1,A,A,A,A,A,A,A,A,A,A,A
144-2,C,A,A,C,A,A,C,A,A,A,A
144-3,B,B,B,B,B,B,B,B,B,B,B
148-1,D,D,D,D,C,C,D,D,D,D,A
148-2,A,A,A,A,A,A,A,A,A,A,A
148-3,B,B,B,B,B,B,B,B,B,B,D
150-1,A,A,A,A,A,A,A,A,A,A,A
150-2,C,C,A,C,B,B,C,C,C,C,D
150-3,B,B,B,B,B,B,B,B,B,B,B
151-1,A,A,A,A,A,A,A,A,A,A,A
151-2,D,D,D,D,D,D,D,D,D,D,A
151-3,C,C,C,C,C,C,C,C,C,C,C
152-1,B,B,B,B,B,B,B,B,B,B,A
152-2,A,A,A,A,A,A,A,A,A,A,B
152-3,D,D,D,A,D,D,A,D,D,D,C
153-1,A,A,A,A,A,A,A,A,A,A,B
153-2,C,C,C,C,C,C,C,C,C,C,A
153-3,B,B,C,A,B,A,B,A,A,B,D
154-1,C,C,C,C,C,C,C,C,C,C,C
154-2,A,A,A,A,A,A,A,A,A,A,C
154-3,B,B,B,B,B,B,B,B,B,B,B
155-1,D,D,D,D,D,D,D,D,D,D,D
155-2,B,B,B,B,B,B,B,B,B,B,A
155-3,A,A,C,A,C,A,A,A,A,A,C
156-1,C,C,C,C,C,C,B,B,C,C,C
156-2,B,B,B,B,B,B,B,B,B,B,B
156-3,B,B,B,B,B,B,B,B,B,B,D
157-1,D,D,D,D,D,D,D,D,D,D,D
157-2,C,C,C,C,C,C,C,C,C,C,C
157-3,B,A,A,B,A,B,B,B,B,A,A
159-1,B,B,B,B,B,B,B,B,B,B,D
159-2,C,C,C,C,C,C,C,C,C,C,D
159-3,A,A,A,A,A,A,A,A,A,A,A
160-1,C,C,C,C,C,C,C,C,C,C,D
160-2,D,D,D,D,D,D,D,D,D,D,B
160-3,B,B,B,B,B,B,B,B,B,B,B
161-1,A,A,B,A,B,B,B,A,B,B,B
161-2,C,C,C,C,C,C,C,C,C,C,B
161-3,A,A,A,A,A,A,A,A,A,A,B
162-1,D,D,D,D,D,D,D,D,D,D,D
162-2,B,B,B,B,B,B,B,B,B,B,D
162-3,C,C,C,C,C,C,C,C,C,C,C
163-1,B,B,B,B,B,B,B,B,B,B,C
163-2,D,D,D,D,D,D,D,D,D,D,B
163-3,B,B,B,B,B,B,A,B,B,B,C
164-1,C,A,B,C,B,A,A,B,C,B,A
164-2,C,B,B,C,B,B,D,B,B,B,D
164-3,D,D,D,D,D,D,D,D,D,D,B
165-1,D,B,B,D,D,D,D,D,C,B,B
165-2,C,C,D,C,C,C,C,C,C,C,C
165-3,A,A,A,A,A,A,A,A,A,A,C
166-1,D,D,D,D,D,D,D,D,B,D,D
166-2,B,B,B,B,B,B,B,B,B,B,D
166-3,A,A,A,A,A,A,A,A,A,A,A
168-1,C,B,C,C,B,B,B,C,C,B,D
168-2,A,A,A,A,A,A,A,A,A,A,A
168-3,D,D,D,D,D,D,D,D,D,D,B
169-1,B,B,B,B,B,B,B,B,B,B,D
169-2,C,C,C,C,C,C,C,C,C,C,C
169-3,B,B,A,B,A,A,A,A,A,A,C
170-1,D,D,D,D,D,D,D,D,D,D,D
170-2,B,D,B,B,B,B,B,D,B,D,D
170-3,D,D,D,D,C,C,C,D,D,D,D
171-1,B,B,B,B,B,B,B,B,B,B,B
171-2,C,C,C,C,C,C,C,C,C,C,D
171-3,A,A,A,A,A,A,A,A,A,A,D
172-1,D,D,D,D,D,D,D,D,D,D,B
172-2,A,A,C,C,C,C,C,C,C,C,D
172-3,B,B,B,B,B,B,B,B,B,B,B
173-1,D,D,D,D,D,A,D,D,D,D,C
173-2,B,B,B,B,B,B,A,A,A,B,D
173-3,C,C,C,C,C,C,C,C,C,C,C
174-1,D,D,D,D,B,D,D,D,D,D,A
174-2,A,A,A,A,A,A,A,A,A,A,D
174-3,B,B,B,B,B,B,B,B,B,B,D
175-1,B,B,B,B,B,B,B,B,B,B,D
175-2,C,C,C,C,C,C,C,C,C,C,B
175-3,A,A,A,A,A,A,A,A,A,A,A
176-1,D,D,D,D,D,D,D,D,D,D,D
176-2,A,A,A,A,A,A,A,A,A,A,B
176-3,C,C,C,C,B,B,C,C,C,C,B
177-1,D,D,A,D,D,D,D,D,D,D,C
177-2,D,D,D,D,D,D,D,D,D,D,D
177-3,A,C,C,C,A,A,A,C,C,A,B
178-1,C,C,D,C,B,C,C,C,C,C,D
178-2,A,A,A,A,A,A,A,A,A,A,D
178-3,D,D,D,D,D,D,D,D,D,D,B
179-1,D,D,D,D,D,D,D,D,D,D,D
179-2,D,D,D,D,D,D,D,D,C,D,D
179-3,A,A,A,A,A,A,A,A,A,A,A
181-1,C,C,C,B,C,C,C,D,D,C,D
181-2,D,D,D,D,D,D,D,D,D,D,B
181-3,B,B,B,B,B,B,B,B,B,B,D
182-1,C,C,C,C,C,C,C,C,C,C,D
182-2,B,B,B,B,B,B,B,B,B,B,D
182-3,D,D,D,D,D,D,D,D,D,D,D
183-1,B,B,B,B,C,B,C,B,C,B,B
183-2,C,C,D,C,C,C,D,D,D,D,D
183-3,A,A,A,A,A,A,A,A,A,A,C
184-1,A,A,A,A,A,A,A,A,A,A,C
184-2,B,B,B,B,B,B,B,B,B,B,D
184-3,D,D,D,D,D,D,D,D,D,D,D
185-1,B,B,B,B,B,B,B,B,B,B,A
185-2,A,A,A,A,A,A,A,A,A,A,C
185-3,D,B,C,D,D,D,D,D,D,B,A
186-1,A,C,B,A,C,A,B,A,A,B,D
186-2,C,C,C,C,C,C,C,C,C,C,C
186-3,A,A,A,A,A,A,A,A,A,A,D
187-1,A,A,A,A,A,A,A,A,A,A,A
187-2,B,B,B,B,B,B,B,B,B,B,D
187-3,D,D,D,D,D,D,D,D,D,D,B
188-1,A,A,A,A,A,A,A,A,A,A,B
188-2,A,D,A,A,A,A,A,A,A,A,D
188-3,B,B,B,B,B,B,B,B,B,B,B
189-1,A,A,A,A,A,A,A,A,A,A,D
189-2,D,D,D,D,D,D,D,D,D,D,D
189-3,C,A,C,C,A,A,C,C,C,A,A
190-1,C,C,C,C,C,C,C,C,C,C,C
190-2,B,A,B,B,A,B,B,A,A,B,C
190-3,A,A,A,A,A,A,A,A,A,A,A
191-1,B,A,A,B,A,A,A,A,A,A,D
191-2,C,A,C,A,C,C,C,A,A,C,C
191-3,A,A,B,A,B,B,B,B,B,B,B
192-1,A,A,A,A,A,A,A,A,A,A,B
192-2,D,D,D,D,D,D,D,D,D,D,D
192-3,B,B,B,B,B,C,C,B,B,C,B
194-1,C,C,C,C,C,C,C,C,C,C,C
194-2,C,B,D,B,C,A,C,C,C,C,B
194-3,B,B,B,B,B,B,B,B,B,B,B
195-1,B,B,B,B,B,B,B,B,B,B,D
195-2,C,C,C,C,C,C,C,C,C,C,D
195-3,A,A,D,A,A,A,A,A,A,A,C
197-1,A,A,A,A,A,A,A,A,A,A,D
197-2,D,D,D,D,D,D,D,D,D,D,D
197-3,A,A,A,D,D,A,A,A,A,A,A
198-1,B,B,C,B,B,B,B,B,B,B,C
198-2,A,A,A,A,A,A,A,A,A,A,C
198-3,D,D,D,D,D,D,D,D,D,D,A
200-1,A,A,A,A,A,A,A,A,A,A,D
200-2,A,A,A,A,A,A,A,A,A,A,A
200-3,C,C,C,C,C,C,C,C,C,C,C
201-1,A,A,A,A,A,A,A,A,A,A,B
201-2,C,C,C,C,C,C,C,C,C,C,D
201-3,D,A,A,A,D,D,D,D,D,D,A
202-1,B,B,B,B,A,A,B,B,B,B,D
202-2,C,C,B,C,C,C,C,C,C,C,B
202-3,B,B,B,B,B,B,B,B,B,B,B
204-1,C,C,D,C,A,C,C,C,C,C,A
204-2,D,D,D,D,D,D,D,D,D,D,A
204-3,D,D,B,C,B,B,C,C,C,B,B
205-1,A,A,A,A,A,A,A,A,A,A,A
205-2,A,A,A,A,A,A,A,B,A,B,A
205-3,B,B,B,B,B,B,B,B,B,B,A
206-1,A,A,D,A,A,A,A,A,A,A,B
206-2,D,A,D,D,D,D,D,D,D,A,D
206-3,B,B,C,B,B,B,B,B,A,B,D
207-1,D,D,D,D,D,D,D,D,D,D,B
207-2,D,D,C,B,C,D,C,C,C,C,B
207-3,B,D,A,B,B,B,D,B,B,D,D
208-1,B,B,B,B,B,B,B,B,B,B,B
208-2,A,A,A,A,A,A,A,A,A,A,B
208-3,C,C,C,C,C,C,C,C,C,C,A
209-1,C,C,B,C,A,A,D,D,D,C,B
209-2,A,A,A,A,A,A,A,A,A,A,D
209-3,D,D,D,D,D,D,D,D,D,D,D
210-1,A,A,A,A,A,A,A,A,A,A,C
210-2,B,B,B,B,B,B,B,B,B,B,B
210-3,C,C,B,C,B,C,C,C,C,C,C
211-1,B,B,B,B,B,B,B,B,B,B,B
211-2,C,C,C,C,C,C,C,C,C,C,B
211-3,A,A,A,A,A,A,A,A,A,A,A
213-1,D,D,D,D,D,D,D,D,D,D,D
213-2,D,D,D,D,D,D,D,D,D,D,D
213-3,C,C,C,C,C,C,C,C,C,C,C
214-1,A,A,A,A,A,A,A,A,A,A,C
214-2,A,D,D,D,D,A,A,D,D,D,D
214-3,B,B,B,B,B,B,C,B,B,B,D
215-1,B,B,B,B,B,B,B,B,B,B,A
215-2,C,C,C,C,C,C,C,C,C,C,C
215-3,A,B,B,B,B,B,B,B,B,B,B
217-1,B,B,B,B,B,B,B,B,B,B,A
217-2,B,B,B,B,B,B,C,B,B,B,C
217-3,B,B,B,B,B,B,B,B,B,A,D
218-1,D,D,D,D,D,D,D,D,D,D,D
218-2,C,C,B,C,B,B,C,C,C,C,C
218-3,A,A,A,A,B,A,A,A,A,A,A
220-1,D,D,B,D,D,D,D,D,D,D,D
220-2,B,B,B,B,B,B,B,B,B,B,C
220-3,C,C,C,C,C,C,C,C,C,C,A
221-1,D,B,D,D,D,D,D,D,D,D,D
221-2,C,C,C,C,C,C,C,C,C,C,D
221-3,A,A,A,A,A,A,A,A,A,A,B
222-1,D,D,D,D,D,D,D,D,D,D,D
222-2,D,D,D,D,D,D,D,D,D,D,C
222-3,B,B,B,B,B,B,B,B,B,B,D
223-1,D,D,C,D,D,D,D,D,D,D,D
223-2,B,B,B,B,B,B,B,B,B,B,B
223-3,C,C,C,C,C,C,C,C,C,C,C
224-1,C,C,C,C,C,C,C,C,C,C,C
224-2,A,A,D,A,A,A,A,A,A,A,A
224-3,B,B,B,B,B,B,B,B,B,B,B
225-1,B,B,B,B,B,B,B,B,B,B,A
225-2,C,C,D,C,C,C,C,C,C,C,B
225-3,A,A,A,A,A,A,A,A,A,A,B
226-1,D,D,D,D,D,D,D,D,D,D,D
226-2,B,A,A,B,A,A,B,B,B,A,C
226-3,A,A,A,A,A,A,A,A,A,A,A
227-1,C,C,C,C,C,C,C,C,C,C,C
227-2,D,D,D,D,D,D,D,D,D,D,C
227-3,B,B,B,B,B,B,B,B,B,B,B
229-1,B,B,B,B,B,B,B,B,B,B,C
229-2,D,D,B,B,B,B,B,D,D,B,B
229-3,A,A,A,A,A,A,A,A,A,A,A
230-1,D,D,D,D,D,D,D,D,D,D,D
230-2,B,B,B,B,B,B,B,B,B,B,A
230-3,C,C,C,C,C,C,C,C,C,C,C
231-1,A,A,A,A,A,A,A,A,A,A,D
231-2,C,C,D,C,C,D,C,C,C,C,B
231-3,D,D,D,D,D,D,D,D,D,D,D
232-1,A,A,B,A,A,A,C,C,C,A,C
232-2,A,A,A,A,A,A,A,B,B,A,B
232-3,C,C,C,C,C,C,C,C,C,C,C
233-1,D,D,C,D,C,D,D,D,D,D,C
233-2,A,A,A,A,A,A,A,A,A,A,C
233-3,A,A,A,A,A,A,A,A,A,A,C
234-1,B,B,B,B,B,B,B,B,B,B,B
234-2,C,C,C,C,C,C,C,C,C,C,A
234-3,D,D,D,D,D,D,D,D,D,D,B
235-1,D,D,D,D,D,D,D,D,D,D,D
235-2,A,A,A,A,A,A,A,A,A,A,B
235-3,B,B,C,B,A,A,C,A,A,B,C
236-1,C,C,B,C,B,B,C,C,C,C,D
236-2,B,B,B,B,B,B,B,B,B,B,A
236-3,A,A,A,A,A,A,A,A,A,A,D
237-1,C,C,D,C,D,A,C,A,C,C,B
237-2,A,A,A,A,A,A,A,A,A,A,A
237-3,A,B,A,A,A,A,B,B,A,A,C
238-1,D,D,D,D,D,D,D,D,D,D,C
238-2,C,C,C,D,D,D,C,C,D,C,C
238-3,A,A,A,A,A,A,A,C,C,A,C
240-1,A,A,A,A,A,A,A,A,A,A,A
240-2,D,D,A,D,A,A,A,A,A,A,D
240-3,B,B,B,B,B,B,B,B,B,D,D
241-1,C,C,C,C,C,C,C,C,C,C,B
241-2,D,D,D,D,D,D,D,D,D,D,D
241-3,B,B,B,B,B,B,B,B,B,B,B
242-1,D,D,A,D,A,A,D,D,D,D,A
242-2,B,B,A,B,A,C,A,C,A,A,D
242-3,B,B,B,B,B,B,B,B,B,B,C
243-1,A,A,C,A,A,A,A,A,A,A,C
243-2,B,C,B,C,C,C,C,C,C,B,D
243-3,A,A,D,A,C,C,A,A,A,A,B
244-1,C,C,C,C,C,C,C,C,C,A,B
244-2,C,C,C,C,C,C,C,C,C,C,C
244-3,C,C,C,C,C,C,C,C,C,C,B
245-1,C,C,C,C,C,C,C,C,C,C,D
245-2,C,C,C,C,C,C,C,C,C,A,A
245-3,C,C,B,D,C,B,C,C,D,C,D
246-1,B,B,B,B,B,B,B,B,B,B,A
246-2,C,D,B,C,C,D,D,C,C,D,D
246-3,C,C,C,C,C,A,C,C,C,C,A
247-1,B,B,B,B,B,B,B,B,B,B,B
247-2,A,A,C,A,C,C,C,C,C,C,C
247-3,B,B,C,B,D,B,B,B,B,B,B
248-1,B,B,D,B,B,B,B,B,B,B,D
248-2,B,B,B,B,A,D,B,B,B,A,A
248-3,B,B,B,B,B,B,B,B,B,B,B
249-1,B,A,B,B,A,A,A,A,A,B,B
249-2,A,A,A,A,A,A,A,A,A,A,D
249-3,A,A,A,A,A,A,A,A,A,A,A
250-1,C,C,C,C,C,C,C,C,C,C,D
250-2,D,C,D,A,D,D,A,A,A,C,C
250-3,B,B,B,B,B,B,B,B,B,B,A
251-1,B,C,B,C,A,C,C,C,C,A,C
251-2,C,C,A,A,D,C,A,C,C,C,D
251-3,A,A,B,A,D,D,A,A,A,A,B
252-1,D,D,D,D,D,D,D,D,D,D,D
252-2,B,B,C,B,B,B,B,B,B,B,B
252-3,C,C,D,C,C,C,C,C,C,C,C
253-1,A,A,A,A,A,A,A,A,A,A,D
253-2,C,C,C,C,C,C,C,B,C,B,D
253-3,B,B,B,B,B,B,B,B,B,B,B
255-1,B,D,C,B,B,B,B,B,B,B,D
255-2,A,A,A,A,A,A,A,A,A,A,C
255-3,B,B,A,A,A,A,B,D,D,B,B
256-1,D,D,D,D,D,D,D,D,D,D,D
256-2,C,C,B,C,C,C,C,C,C,C,D
256-3,C,C,C,C,C,C,C,C,C,C,C
257-1,A,A,A,A,D,D,D,A,D,D,D
257-2,B,C,C,D,C,D,D,D,D,D,D
257-3,D,B,D,B,D,D,D,D,D,D,D
258-1,C,C,C,C,B,C,C,C,C,C,C
258-2,A,A,B,A,A,A,A,A,A,A,D
258-3,D,D,D,D,D,B,D,D,D,D,D
259-1,B,B,A,B,A,A,B,B,B,B,B
259-2,A,C,B,C,B,B,B,B,B,B,B
259-3,A,A,B,A,B,A,B,B,B,B,D
260-1,D,B,B,D,B,D,D,D,D,D,B
260-2,D,D,D,D,D,D,D,D,D,D,C
260-3,C,C,C,C,C,C,C,C,C,C,C
261-1,B,B,B,B,B,B,B,B,B,B,B
261-2,C,C,C,C,C,C,C,C,C,C,D
261-3,A,A,A,A,A,A,A,A,A,A,D
262-1,D,D,D,D,D,D,D,D,D,D,B
262-2,B,A,B,B,B,B,B,B,B,A,B
262-3,A,A,A,A,A,B,B,A,A,B,B
263-1,C,C,C,C,C,C,C,C,C,C,C
263-2,B,A,B,B,A,A,A,B,A,B,B
263-3,D,D,B,D,D,D,D,D,D,D,D
265-1,B,B,C,B,D,A,B,B,B,B,D
265-2,C,C,C,C,C,C,C,C,C,C,B
265-3,A,A,A,A,A,A,A,A,A,A,A
266-1,D,D,D,D,C,C,D,D,D,D,C
266-2,C,C,C,C,C,C,C,C,C,C,C
266-3,B,B,B,B,B,B,B,B,B,B,B
267-1,A,A,A,A,A,A,A,A,A,A,A
267-2,D,D,D,D,B,B,D,D,D,D,B
267-3,B,B,B,B,A,B,A,B,B,B,B
268-1,C,C,C,C,C,C,C,C,C,C,D
268-2,B,B,B,B,B,B,B,B,B,B,D
268-3,A,A,A,A,A,A,A,A,A,A,B
269-1,A,A,A,A,A,A,A,A,A,A,B
269-2,D,D,D,D,D,D,D,D,D,D,D
269-3,B,D,D,D,D,D,D,D,D,D,D
272-1,D,D,D,D,D,D,D,D,D,D,D
272-2,A,A,A,A,A,A,A,A,A,A,A
272-3,C,C,C,C,C,C,C,C,C,C,C
273-1,D,D,D,D,D,D,D,D,D,D,C
273-2,B,B,B,B,B,B,B,B,B,C,C
273-3,B,B,B,B,B,B,B,B,B,B,A
275-1,A,A,A,A,A,A,A,A,A,A,A
275-2,C,C,C,C,C,C,C,C,C,C,A
275-3,D,D,D,D,D,D,D,D,D,D,A
276-1,D,D,D,D,D,D,D,D,D,D,A
276-2,A,A,A,A,A,A,A,A,A,A,A
276-3,C,C,C,C,C,C,C,C,C,C,B
277-1,A,A,A,A,A,A,A,A,A,A,B
277-2,B,B,B,B,B,B,B,B,B,B,B
277-3,B,B,A,B,B,B,B,B,B,B,B
279-1,C,C,C,C,C,C,C,C,C,C,C
279-2,C,C,C,C,C,C,C,C,C,C,C
279-3,B,B,B,B,B,B,B,B,B,B,C
280-1,D,D,B,B,B,B,B,B,B,B,D
280-2,A,B,A,A,A,A,A,A,A,A,B
280-3,C,C,C,C,B,C,C,B,B,C,C
281-1,B,B,B,B,B,B,B,B,B,B,B
281-2,C,B,C,C,C,C,B,C,C,C,D
281-3,A,B,D,B,D,D,B,B,B,B,A
282-1,D,D,D,D,D,D,D,D,D,D,D
282-2,D,D,D,D,D,D,D,D,D,D,D
282-3,C,C,B,C,B,C,C,C,C,C,D
283-1,A,D,A,A,A,A,A,A,A,A,D
283-2,D,D,D,D,D,D,D,D,D,D,C
283-3,D,D,D,D,D,D,D,D,D,D,D
285-1,C,C,A,C,B,B,C,C,C,C,B
285-2,C,C,C,C,B,B,C,C,C,C,D
285-3,A,A,C,A,A,A,A,A,A,A,C
286-1,B,B,B,A,B,B,B,B,B,B,B
286-2,B,B,B,B,B,B,B,B,B,B,B
286-3,C,C,C,C,C,C,C,C,C,C,B
287-1,A,A,A,A,A,A,A,A,A,A,C
287-2,D,D,A,D,A,B,A,D,D,D,B
287-3,B,B,C,B,C,B,D,D,D,D,D
288-1,C,C,C,C,C,C,C,C,C,C,B
288-2,A,A,A,A,A,A,A,A,A,A,A
288-3,B,D,C,B,D,D,D,D,D,D,D
289-1,D,D,C,D,A,D,D,D,D,D,D
289-2,C,C,C,C,A,A,A,C,C,A,C
289-3,A,A,A,A,A,A,A,A,A,A,A
290-1,D,D,D,D,D,D,D,D,D,D,B
290-2,D,D,D,B,D,D,D,D,D,D,D
290-3,C,C,C,C,D,C,C,C,C,C,D
291-1,D,D,C,D,D,D,D,D,D,D,A
291-2,B,B,B,B,B,B,B,B,B,B,D
291-3,C,C,A,C,C,C,C,C,C,C,A
292-1,A,A,A,A,A,A,A,A,A,A,D
292-2,D,D,B,D,D,D,D,D,D,B,B
292-3,D,B,D,D,D,D,D,D,D,D,D
293-1,D,C,D,C,C,D,D,C,C,C,D
293-2,B,B,C,B,D,C,D,B,B,B,C
293-3,C,C,C,C,C,C,C,C,C,C,C
294-1,B,B,B,B,B,B,B,B,B,B,B
294-2,C,C,C,C,C,C,C,C,C,C,C
294-3,A,B,C,B,A,A,C,C,C,A,C
295-1,C,A,B,C,A,B,C,A,A,A,A
295-2,B,D,B,B,B,B,B,B,B,B,C
295-3,C,C,C,C,C,C,C,C,C,C,C
296-1,C,C,C,C,C,C,C,C,C,C,D
296-2,D,D,A,D,A,D,D,D,D,D,D
296-3,D,D,D,D,D,D,D,D,D,D,D
297-1,A,A,A,A,A,A,A,A,A,A,B
297-2,C,C,C,C,C,C,C,C,C,C,C
297-3,D,D,D,D,D,D,D,D,D,D,D
298-1,D,C,C,D,A,D,D,D,D,D,D
298-2,A,A,A,A,A,A,A,A,A,A,D
298-3,C,C,D,C,C,C,C,C,C,C,D
299-1,B,B,B,D,B,B,B,B,B,B,D
299-2,C,C,C,C,C,C,C,C,C,D,C
299-3,A,A,B,A,B,A,A,A,A,C,A
300-1,C,C,C,C,C,C,C,C,C,C,C
300-2,D,D,A,D,D,D,D,D,D,A,C
300-3,B,B,B,B,A,B,B,B,B,B,D
